-- MySQL dump 10.13  Distrib 8.0.19, for Win64 (x86_64)
--
-- Host: i3a202.p.ssafy.io    Database: ssafy
-- ------------------------------------------------------
-- Server version	8.0.21

/*!40101 SET @OLD_CHARACTER_SET_CLIENT=@@CHARACTER_SET_CLIENT */;
/*!40101 SET @OLD_CHARACTER_SET_RESULTS=@@CHARACTER_SET_RESULTS */;
/*!40101 SET @OLD_COLLATION_CONNECTION=@@COLLATION_CONNECTION */;
/*!50503 SET NAMES utf8 */;
/*!40103 SET @OLD_TIME_ZONE=@@TIME_ZONE */;
/*!40103 SET TIME_ZONE='+00:00' */;
/*!40014 SET @OLD_UNIQUE_CHECKS=@@UNIQUE_CHECKS, UNIQUE_CHECKS=0 */;
/*!40014 SET @OLD_FOREIGN_KEY_CHECKS=@@FOREIGN_KEY_CHECKS, FOREIGN_KEY_CHECKS=0 */;
/*!40101 SET @OLD_SQL_MODE=@@SQL_MODE, SQL_MODE='NO_AUTO_VALUE_ON_ZERO' */;
/*!40111 SET @OLD_SQL_NOTES=@@SQL_NOTES, SQL_NOTES=0 */;

--
-- Table structure for table `active_region`
--

DROP TABLE IF EXISTS `active_region`;
/*!40101 SET @saved_cs_client     = @@character_set_client */;
/*!50503 SET character_set_client = utf8mb4 */;
CREATE TABLE `active_region` (
  `username` varchar(50) NOT NULL,
  `region` varchar(20) NOT NULL,
  KEY `active_regison_fk_idx` (`username`),
  CONSTRAINT `active_regison_fk` FOREIGN KEY (`username`) REFERENCES `user_info` (`username`) ON DELETE CASCADE ON UPDATE CASCADE
) ENGINE=InnoDB DEFAULT CHARSET=utf8mb4 COLLATE=utf8mb4_0900_ai_ci;
/*!40101 SET character_set_client = @saved_cs_client */;

--
-- Dumping data for table `active_region`
--

LOCK TABLES `active_region` WRITE;
/*!40000 ALTER TABLE `active_region` DISABLE KEYS */;
INSERT INTO `active_region` VALUES ('ssafy@gmail.com','서울'),('ssafy@gmail.com','부산'),('gang123@gmail.com','서울'),('multi@gmail.com','서울'),('subway@gmail.com','서울'),('gang123@gmail.com','수원');
/*!40000 ALTER TABLE `active_region` ENABLE KEYS */;
UNLOCK TABLES;

--
-- Table structure for table `bookmark_contest`
--

DROP TABLE IF EXISTS `bookmark_contest`;
/*!40101 SET @saved_cs_client     = @@character_set_client */;
/*!50503 SET character_set_client = utf8mb4 */;
CREATE TABLE `bookmark_contest` (
  `username` varchar(50) NOT NULL,
  `contest_no` int NOT NULL,
  KEY `bookmark_contest_fk_idx` (`username`),
  KEY `contest_no_bookmark_fk_idx` (`contest_no`),
  CONSTRAINT `contest_no_bookmark_fk` FOREIGN KEY (`contest_no`) REFERENCES `contest_info` (`contest_no`) ON DELETE CASCADE ON UPDATE CASCADE,
  CONSTRAINT `userinfo_bookmark_fk` FOREIGN KEY (`username`) REFERENCES `user_info` (`username`) ON DELETE CASCADE ON UPDATE CASCADE
) ENGINE=InnoDB DEFAULT CHARSET=utf8mb4 COLLATE=utf8mb4_0900_ai_ci;
/*!40101 SET character_set_client = @saved_cs_client */;

--
-- Dumping data for table `bookmark_contest`
--

LOCK TABLES `bookmark_contest` WRITE;
/*!40000 ALTER TABLE `bookmark_contest` DISABLE KEYS */;
INSERT INTO `bookmark_contest` VALUES ('gang123@gmail.com',1),('ssafy@gmail.com',1),('subway@gmail.com',1),('multi@gmail.com',1),('asdf@gmail.com',6),('asdf@gmail.com',2),('asdf@gmail.com',2),('asdf@gmail.com',2),('asdf@gmail.com',2),('asdf@gmail.com',2),('asdf@gmail.com',2),('test',2),('test',19),('test',17);
/*!40000 ALTER TABLE `bookmark_contest` ENABLE KEYS */;
UNLOCK TABLES;

--
-- Table structure for table `cluster_table`
--

DROP TABLE IF EXISTS `cluster_table`;
/*!40101 SET @saved_cs_client     = @@character_set_client */;
/*!50503 SET character_set_client = utf8mb4 */;
CREATE TABLE `cluster_table` (
  `no` int NOT NULL,
  `cluster` int NOT NULL,
  KEY `cluster_no_fk_idx` (`no`),
  CONSTRAINT `cluster_no_fk` FOREIGN KEY (`no`) REFERENCES `user_info` (`no`) ON DELETE CASCADE ON UPDATE CASCADE
) ENGINE=InnoDB DEFAULT CHARSET=utf8;
/*!40101 SET character_set_client = @saved_cs_client */;

--
-- Dumping data for table `cluster_table`
--

LOCK TABLES `cluster_table` WRITE;
/*!40000 ALTER TABLE `cluster_table` DISABLE KEYS */;
INSERT INTO `cluster_table` VALUES (1,0),(2,0),(3,0),(4,0),(5,0),(6,0),(7,1),(8,0),(9,0),(10,2),(11,0),(12,0),(13,0),(14,0),(15,0),(16,0),(17,0),(18,0),(19,0),(20,5),(21,0),(22,2),(23,4),(24,0),(25,0),(26,0),(27,2),(28,2),(29,5),(30,1),(31,1),(32,0),(33,2),(34,0),(35,6),(36,3),(37,0),(38,4),(39,2),(40,3),(41,2),(42,0),(43,2),(44,0),(45,1),(46,0),(47,0),(48,0),(49,1),(50,0),(51,0),(52,2),(53,4),(54,4),(55,4),(56,0),(57,0),(58,4),(59,3),(60,1),(61,1),(62,0),(63,0),(64,0),(65,0),(66,1),(67,2),(68,0),(69,4),(70,6),(71,0),(72,2),(73,1),(74,2),(75,4),(76,3),(77,0),(78,0),(79,5),(80,0),(81,5),(82,2),(83,0),(84,4),(85,2),(86,0),(87,6),(88,0),(89,0),(90,0),(91,0),(92,1),(93,0),(94,0),(95,0),(96,2),(97,0),(98,1),(99,5),(100,0),(101,0),(102,0),(103,6),(104,1),(105,1),(106,5),(107,1),(108,2),(109,4),(110,0),(111,0),(112,4),(113,0),(114,0),(115,1),(116,4),(117,0),(118,1);
/*!40000 ALTER TABLE `cluster_table` ENABLE KEYS */;
UNLOCK TABLES;

--
-- Table structure for table `contest_field`
--

DROP TABLE IF EXISTS `contest_field`;
/*!40101 SET @saved_cs_client     = @@character_set_client */;
/*!50503 SET character_set_client = utf8mb4 */;
CREATE TABLE `contest_field` (
  `contest_no` int NOT NULL,
  `field` varchar(20) NOT NULL,
  KEY `contest_info_fk_idx` (`contest_no`),
  CONSTRAINT `contest_info_no_fk` FOREIGN KEY (`contest_no`) REFERENCES `contest_info` (`contest_no`) ON DELETE CASCADE ON UPDATE CASCADE
) ENGINE=InnoDB DEFAULT CHARSET=utf8mb4 COLLATE=utf8mb4_0900_ai_ci;
/*!40101 SET character_set_client = @saved_cs_client */;

--
-- Dumping data for table `contest_field`
--

LOCK TABLES `contest_field` WRITE;
/*!40000 ALTER TABLE `contest_field` DISABLE KEYS */;
INSERT INTO `contest_field` VALUES (1,'게임-소프트웨어'),(3,'광고-마케팅'),(3,'영상-UCC-사진'),(3,'디자인-캐릭터-웹툰'),(3,'웹-모바일-플래시'),(3,'예체능-미술-음악'),(3,'대외활동-서포터즈'),(2,'게임-소프트웨어'),(2,'기타'),(4,'광고-마케팅'),(4,'영상-UCC-사진'),(4,'과학-공학'),(4,'예체능-미술-음악'),(4,'대외활동-서포터즈'),(5,'디자인-캐릭터-웹툰'),(5,'건축-건설-인테리어'),(5,'예체능-미술-음악'),(5,'기타'),(6,'게임-소프트웨어'),(7,'기타'),(7,'광고-마케팅'),(7,'광고-마케팅'),(7,'영상-UCC-사진'),(7,'웹-모바일-플래시'),(7,'예체능-미술-음악'),(7,'기타'),(9,'광고-마케팅'),(9,'디자인-캐릭터-웹툰'),(9,'건축-건설-인테리어'),(9,'예체능-미술-음악'),(9,'기타'),(11,'기획-아이디어'),(11,'광고-마케팅'),(11,'논문-리포트'),(11,'해외'),(11,'영상-UCC-사진'),(11,'광고-마케팅'),(9,'디자인-캐릭터-웹툰'),(9,'건축-건설-인테리어'),(11,'영상-UCC-사진'),(7,'웹-모바일-플래시'),(9,'예체능-미술-음악'),(9,'기타'),(11,'기획-아이디어'),(11,'논문-리포트'),(11,'해외'),(10,'기획-아이디어\n'),(8,'기획-아이디어\n'),(8,'광고-마케팅\n'),(8,'영상-UCC-사진\n'),(8,'디자인-캐릭터-웹툰\n'),(8,'예체능-미술-음악\n'),(10,'기획-아이디어\n'),(10,'논문-리포트\n'),(10,'웹-모바일-플래시\n'),(10,'게임-소프트웨어\n'),(10,'과학-공학\n'),(13,'기타'),(13,'기획-아이디어'),(13,'논문-리포트'),(13,'해외'),(13,'과학-공학'),(15,'과학-공학'),(15,'기획-아이디어'),(15,'웹-모바일-플래시'),(17,'광고-마케팅'),(17,'예체능-미술-음악'),(17,'대외활동-서포터즈'),(17,'취업-창업'),(17,'해외'),(12,'논문-리포트\n'),(12,'과학-공학\n'),(19,'대외활동-서포터즈'),(12,'건축-건설-인테리어\n'),(19,'봉사활동'),(12,'예체능-미술-음악\n'),(21,'봉사활동'),(14,'기획-아이디어\n'),(14,'논문-리포트\n'),(14,'과학-공학\n'),(14,'기타\n'),(23,'광고-마케팅'),(23,'기획-아이디어'),(23,'웹-모바일-플래시'),(23,'게임-소프트웨어'),(23,'과학-공학'),(23,'대외활동-서포터즈'),(25,'기획-아이디어'),(25,'논문-리포트'),(25,'문학-글-시나리오'),(25,'대외활동-서포터즈'),(25,'예체능-미술-음악'),(16,'기획-아이디어\n'),(16,'광고-마케팅\n'),(27,'광고-마케팅'),(16,'과학-공학\n'),(27,'영상-UCC-사진'),(27,'웹-모바일-플래시'),(16,'예체능-미술-음악\n'),(27,'예체능-미술-음악'),(29,'기획-아이디어'),(29,'광고-마케팅'),(29,'과학-공학'),(29,'대외활동-서포터즈'),(29,'예체능-미술-음악'),(18,'광고-마케팅\n'),(18,'영상-UCC-사진\n'),(18,'웹-모바일-플래시\n'),(18,'예체능-미술-음악\n'),(29,'문학-글-시나리오'),(29,'네이밍-슬로건'),(29,'기타'),(33,'기획-아이디어'),(33,'광고-마케팅'),(33,'디자인-캐릭터-웹툰'),(33,'건축-건설-인테리어'),(33,'예체능-미술-음악'),(20,'기획-아이디어\n'),(20,'광고-마케팅\n'),(20,'논문-리포트\n'),(20,'웹-모바일-플래시\n'),(20,'게임-소프트웨어\n'),(35,'기획-아이디어'),(35,'광고-마케팅'),(20,'문학-글-시나리오\n'),(35,'디자인-캐릭터-웹툰'),(35,'건축-건설-인테리어'),(35,'예체능-미술-음악'),(22,'기획-아이디어\n'),(22,'광고-마케팅\n'),(22,'논문-리포트\n'),(22,'문학-글-시나리오\n'),(22,'기타\n'),(24,'기획-아이디어\n'),(24,'광고-마케팅\n'),(24,'논문-리포트\n'),(24,'영상-UCC-사진\n'),(24,'해외\n'),(26,'기획-아이디어\n'),(26,'논문-리포트\n');
/*!40000 ALTER TABLE `contest_field` ENABLE KEYS */;
UNLOCK TABLES;

--
-- Table structure for table `contest_info`
--

DROP TABLE IF EXISTS `contest_info`;
/*!40101 SET @saved_cs_client     = @@character_set_client */;
/*!50503 SET character_set_client = utf8mb4 */;
CREATE TABLE `contest_info` (
  `contest_no` int NOT NULL,
  `title` varchar(128) NOT NULL,
  `target` varchar(128) NOT NULL,
  `host` varchar(128) DEFAULT NULL,
  `sponsor` varchar(128) DEFAULT NULL,
  `start_date` varchar(64) NOT NULL,
  `end_date` varchar(64) NOT NULL,
  `reg_date` datetime NOT NULL DEFAULT CURRENT_TIMESTAMP,
  `total_reward` varchar(45) NOT NULL,
  `first_reward` varchar(45) DEFAULT NULL,
  `homepage` varchar(128) NOT NULL,
  `content` varchar(3072) NOT NULL,
  `view_count` int NOT NULL,
  `img_src` varchar(45) DEFAULT NULL,
  PRIMARY KEY (`contest_no`)
) ENGINE=InnoDB DEFAULT CHARSET=utf8mb4 COLLATE=utf8mb4_0900_ai_ci;
/*!40101 SET character_set_client = @saved_cs_client */;

--
-- Dumping data for table `contest_info`
--

LOCK TABLES `contest_info` WRITE;
/*!40000 ALTER TABLE `contest_info` DISABLE KEYS */;
INSERT INTO `contest_info` VALUES (1,'제 6회 대학생 프로그래밍 경진대회','대학생','삼성전자 서울R&D캠퍼스',NULL,'2020-07-14','2020-08-18','2020-07-01 08:50:02','5천만원이상','2,000만원','https://research.samsung.com/scpc','제6회 대학생 프로그래밍 경진대회\n(Samsung Collegiate Programming Cup 2020)\n■ 접수기간 : 2020.7.14 - 8.18\n- 1차 예선 : 2020. 8. 21 - 22\n- 2차 예선 : 2020. 9. 5\n- 본선대회 : 2020. 9. (예정)\n■ 참가대상 : 대학(원) 재학 또는 휴학생 (전공 및 학년 제한 없음)\n■ 대회내용 : C, C++, Java를 사용하여 제한시간 내에 알고리즘 문제를 풀고 소스코드 제출\n■ 본선시상(총 상금 1억 원)\n- 1등(1) : 2,000만원\n- 2등(2) : 각 1,000만원\n- 3등(5) : 각 400만원\n- 4등(10) : 각 200만원\n- 5등(20) : 각 100만원\n■ scpc@samsung.com\n공모전 대외활동 사이트 : 위비티 https://www.wevity.com',236,NULL),(2,'2020년도 KBS 인공지능 프레임워크/플랫폼(BeeAI 활용공모전)','일반인,대학생,청소년','국가과학기술연구회 / KBS융합연구단(한국전자통신연구원, 한국에너지기술연구원, 한국원자력연구원, 한국표준과학연구원)','한국지능형사물인터넷협회','2020-07-06','2020-08-07','2020-07-06 08:50:02','1천만원~3천만원','350만원','https://www.kiot.or.kr/cms/read?PAGE=1&SC_WORD=&SC_CATE=&CM_CODE=l0uuip&open','2020년도 KSB 인공지능 프레임워크/플랫폼(BeeAI) 활용 공모전\n\n■ 지원자격\n\n[일반개인부문]\n - 고등학생, 대학(원)생(전공 무관, 석/박사 등), 직장인 등 개인 자격으로 참가하는 자\n  단, 직장인으로만 팀 구성은 불가 (전체 인원중 50% 이상은 학생으로 구성해야 함)\n[기업/기관부문]\n - 기업, 대학, 연구기관 등\n\n■ 공모주제\n- KSB 인공지능 프레임워크/플랫폼을 활용한 에너지, 제조/플랜트, 헬스케어, 운송/물류, 생활/미디어 등 적용 가능한 인공지능(AI) 서비스\n\n■ 시상 내역\n[일반개인부문]\n - 최우수상(1팀) 300만원\n - 우수상(2팀) 각 150만원\n - 장려상(3팀) 각 100만원\n[기업/기관부문]\n - 최우수상(1팀) 350만원\n- 우수상(2팀) 각 200만원\n- 장려상(3팀) 각 100만원\n\n■ 모집일정\n- 신청기간 : ~ 2020. 8. 7(금)까지\n- 선정 통보 : 2020. 8. 13(목)\n- KSB 인공지능 프레임워크 활용 교육 : 2020. 8. 27(목) ~ 8. 28(금)\n- 개발 및 개발지원(온라인 기술상담/컴퓨팅 환경 지원) : ~2020. 9. 29(화)\n- 결과물 제출(접수) : 2020. 10. 5(월) ~ 10. 8(목)\n- 최종 평가 : 2020. 10. 15(목) ~ 10. 16(금)\n- 시상식 : 2020. 10. 21(수)\n\n■ 신청 방법\n① 신청서 다운로드 → ② 참가신청서 작성 → ③ 이메일 (jhw@kiot.or.kr) 제출\n\n■ 문의 사항\n[공모전 (신청 등) 문의]\n - 이메일 : jhw@kiot.or.kr\n[KSB 인공지능 프레임워크 관련 기술 문의]\n - 이메일 : leeyh@etri.re.kr​\n공모전 대외활동 사이트 : 위비티 https://www.wevity.com\n',743,NULL),(3,'2020 김포시 SNS 콘텐츠 공모전','제한없음','김포시',NULL,'2020-07-20','2020-09-25','2020-07-29 08:50:02','1천만원이하','200만원','https://vo.la/xMcB7','2020 김포시 SNS 콘텐츠 공모전\n\n \n\n김포시, 어디까지 알고있니?\n\n나만 알고 있는 김포의 모습을 소개해주세요!\n\n \n\n■ 공모주제\n\n김포시 소개·홍보 콘텐츠\n\n - 김포에서 보내는 일상, 김포 명소, 당일치기 여행, 맛집, 액티비티 등 자유주제\n\n \n\n■ 참가자격 : 대한민국 국민 누구나, 개인/팀별 참가 가능\n\n \n\n■ 공모분야: 영상, 블로그\n\n○ 영상부문\n\n - 광고, 다큐멘터리, 애니메이션, 브이로그 등 모든 장르의 형태 무관\n\n - 작품길이 1분 이상(최대 10분 내외)\n\n - mp4, avi, wmv, mov의 파일형식, 해상도 full HD(1920*1080)이상\n\n○ 블로그부문\n\n - 에세이, 포토툰, 취재기사 등 블로그에 적합한 다양한 형식으로 참여 가능\n\n - 사진, 동영상이 포함된 경우 제출서류와 함께 별도 파일 제출\n\n \n\n■ 시상내역 (총 18팀) : 총상금 1,110만원\n\n○ 영상부문\n\n - 최우수상(1팀): 상금 2,000,000원\n\n - 우 수 상(3팀): 상금 1,000,000원\n\n - 장 려 상(5팀): 상금 400,000원\n\n○ 블로그부문\n\n - 최우수상(1팀): 상금 1,000,000원\n\n - 우 수 상(3팀): 상금 700,000원\n\n - 장 려 상(5팀): 상금 200,000원\n\n \n\n■ 접수발표\n\n- 접수기간 : 2020년 7월 20일(월) ~ 9월 25일(금) 23시59분 까지\n\n- 결과 발표 및 시상식: 10월중(홈페이지 공고 및 당선자 개별통보)\n\n \n\n■ 참여방법\n\n- Step1. 지원분야에 맞는 참신한 콘텐츠 제작\n\n- Step2. 참가신청서 및 콘텐츠 원본은 담당자 이메일로 제출\n\n  이메일 제목은 꼭! “접수분야_본인이름”   ex.영상_김포미 \n\n- Step3. 이메일 접수 후 접수여부 반드시 확인(접수 후 24시간 내 접수완료 메일 발송)\n\n \n\n■ 참가신청서 다운로드: https://vo.la/xMcB7\n\n \n\n■ 문의: 김포시청  공보담당관 031-980-2086? \n공모전 대외활동 사이트 : 위비티 https://www.wevity.com',148,NULL),(4,'2020 화성호 전국 드론 영상·사진 공모전','제한없음','화성시 / 사단법인 한국드론산업협회',NULL,'2020-06-17','2020-10-19','2020-06-18 08:50:02','3천만원~1천만원','300만원','http://kdrone.org/bbs/board.php?bo_table=board_not&wr_id=486','2020 화성호 전국 드론 영상·사진 공모전\n\n■ 공모주제 : 드론, 화성호의 미래를 담다\n\n■ 공모기간 : 2020.06.17.(수) ~ 2020.10.19.(월)\n\n■ 공모내용 : 화성호 인근 생태자원 및 자연경관 (매향리 갯벌 ~ 화성호, 궁평항·매향리 포구 일대)\n\n■ 응모자격 : 전국의 청소년 및 성인 누구나\n\n■ 시상내역 : 30작품(대상 2, 최우수상 2, 우수상 6, 입선 10, 특별상 10)\n- 영상\n * 대  상(1) : 300만원\n * 최우수(1) : 150만원\n * 우  수(3) : 100만원\n * 입  선(5) : 50만원\n- 사진\n * 대  상(1) : 150만원\n * 최우수(1) : 100만원\n * 우  수(3) : 50만원\n * 입  선(5) : 20만원\n- 특별상(10) : 10만원\n\n■ 주최‧주관 : 화성시‧(사)한국드론산업협회\n\n■ 접수기간 : 2020.06.17.(수) ~ 2020.10.19.(월)\n\n■ 출 품 수 : 영상분야- 1인·팀(4인이하) 3편 이내 / 사진분야- 1인 3점 이내\n\n■ 사진규격 : JPG파일(장축 기준 3,000px 이상)\n※ EXIF에서 촬영지 위치정보, 고도, 시간이 확인 가능할 것\n\n■ 영상규격 : 드론 촬영분이 전체 분량의 70% 이상되어야함\n\n■ 제출방법 : 이메일 접수 (kdrone1st@naver.com)\n※ (사) 한국드론산업협회 홈페이지에서 양식 다운로드 가능\n\n■ 응모 조건\n- 타 공모전 수상작은 심사대상에서 제외되며 2020년 1월1일 이후 직접 촬영·제작한 화성호 일대 순수 창작물\n ※ 이미지 스캔‧출력한 작품, 컴퓨터 그래픽 이미지 및 합성사진 출품 불가\n ※ 드론 비행 승인(관할 기관 : 서울지방항공청 항공운항과) 및 촬영 허가를 받은 작품(관할 기관 : 51사단)으로 증빙서류는 모두 제출하고 그 내용은 참가신청서에 기재\n ※ 드론 비행 및 촬영 승인 사이트 (화성호 인근 지역의 경우 150m 이내에서는 승인 없이 드론비행 가능하나 촬영시 관할 군부대 촬영 허가 필수)\n- 지정된 영상의 형식이나 규격을 준수해야한다.(분량, 해상도, 확장자 등)\n\n■ 작품심사\n- 심사일정 : 2020.10.20.(화) ~ 10.23.(금)\n- 심사기준\n * 주제 적합성 40\n * 작품 완성도 30\n * 창 의 성 30\n\n■ 문의전화: 031-372-6876 (사)한국드론산업협회 \n- 이 메 일: kdrone1st@naver.com \n※ 출품작 파일명 : 참가자(팀)이름-작품제출번호-(연락처뒷자리)\n예) 홍길동-1-1234 , 화성드론팀-1-4321',5172,NULL),(5,'2020 한목 디자인 공모전 (국산목재 활용 생활소품 디자인 공모전','제한없음','목재문화진흥회',NULL,'2020-08-10','2020-08-19','2020-07-01 08:50:02','3천만원~1천만원','상장,상패,상금 400만원(시제품 제작지원 500만원)','http://kawc.or.kr/page/bbs/board.php?bo_table=notice&wr_id=247','2020 한목 디자인 공모전 (국산목재 활용 생활소품 디자인 공모전)\n\n \n\n■ 지원자격 : 제한없음\n\n \n\n■ 공모주제\n\n- 국산목재(한목)를 활용한 생활소품 디자인\n\n \n\n■ 시상 내역\n\n- 최우수상(산림청장상,1점) : 상장, 상패, 상금 400만원(시제품 제작지원 500만원)\n\n- ​우 수 상(산림청장상,2점) : 상장, 상패, 상금 각 200만원(시제품 제작지원 각 300만원)\n\n- 특     선(목재문화진흥회장상,3점) : 상장, 상패, 상금 각 100만원\n\n- 입     선(목재문화진흥회장상,9점) : 상장, 상패, 상금 각 50만원\n\n \n\n■ 응모 일정\n\n[예심 : 이미지 접수]\n\n - 접수기간 : 2020. 8. 10(월) ~ 8. 19(수) 오후 5시까지\n\n - 예심(안) : 2020. 8. 26(수)\n\n - 결과발표 : 2020. 8. 28(금) 목재문화진흥회 홈페이지 및 개별공지\n\n \n\n[본심 : 시작품(실물) 접수] \n\n - 접수기간(안) : 2020. 9. 25(금)  \n\n - ​본심(안) : 2020. 9. 25(금) 10:00?18:00\n\n - 결과발표 : 2020. 9. 28(월) 목재문화진흥회 홈페이지 및 개별 공지\n\n※ 공모전 운영과정에서 일정은 변동될 수 있음\n\n \n\n■ 접수 방법\n\n[예심 : 이미지 접수]\n\n - 접 수 처 : 이메일 (woodculture@kawc.or.kr)\n\n - 제출서류 : 출품원서(별지1), 출품서약서(별지2), 출품작상세설명서(별지3) 등\n\n - 접수방법 : 제출서류를 온라인(이메일접수처 : woodculture@kawc.or.kr) 제출\n\n - 출품양식 : 목재문화진흥회 홈페이지 혹은 아이러브우드 홈페이지 공지사항에서 다운로드\n\n \n\n[본심 : 시작품(실물) 접수] \n\n - 접수방법 : 예심 통과자에 한하여 실물작품 제출(본선 심사 및 전시용)\n\n - ​본선심사당일 공지된 시간에 맞추어 직접 출품(단, 파손 및 기간 내 미도착의 책임은 제출자에게 있음)\n\n  ※ 작품에 낙관 또는 서명을 하지 말 것\n\n  ※ 출품작에 열쇠가 있는 경우, 출품 시 열쇠도 함께 제출\n\n  ※ 예선에서 제출한 작품의 디자인 및 컨셉이 과도하게 변경될 경우 입상 불가\n\n \n\n■ 제출 양식\n\n- 규격제한\n\n (평면) : 가로 30㎝ X 세로 30㎝를 넘지 않을 것 \n\n (입체) : 가로 30㎝ X 세로 30㎝ X 높이 30㎝를 넘지 않을 것\n\n ※ 부득이하게 규격을 맞출 수 없는 경우 가로와 세로의 합이 60cm를 넘지 말아야 하며, 심사시 제외 혹은 감점요소가 될 수 있음\n\n ※ 색이나 디자인 연출을 위해 부분적으로 국내산 목재를 사용하지 않을 수 있으며(20%이내), 목재 외 부품은 제한없음 \n\n- 기  타 \n\n * 예심 통과 출품자(디자인 제안자)가 시작품의 직접제작이 어려운 경우 전문공방 의뢰 가능\n\n \n\n■ 심사 방법\n\n-  평가방법\n\n * ​예심 : 서류심사(심사위원회)\n\n * ​본심 : 작품소개(5분) 및 시작품심사\n\n- 심사위원\n\n *​ 예심 : 학계, 목공예관련 전문가, 산업계 등 전문심사위원\n\n * 본심 : 예심(10%)+심사위원(50%)+일반인(40%) \n\n- 심사기준 : 독창성, 대중성, 생산성, 예술성 등 심사내부기준표에 의함\n\n※ 심사회피제 운영 : 투명하고 공정한 심사를 위해 심사위원 본인과 직·간접적으로 관계있는 참가자가 있을 경우, 해당 심사위원은 배제함\n\n \n\n■ 유의 사항\n\n- 제  한\n\n * 타 공모전에 출품하여 수상한 작품\n\n * 국내에서 이미 발표(상품화)된 작품 및 모방품\n\n * 미풍양속을 저해하는 것으로 인정되는 작품\n\n * 파손 우려가 있는 미완성 제품\n\n * ​출품작에 응모자 신원을 파악할수 있는 표시가 발견될 경우 심사제외\n\n \n\n- 작품반환\n\n * 제출된 작품의 소유권은 목재문화진흥회에 귀속됨 \n\n * 수상선정된 작품의 저작권은 출품자에게 있으나, 목재문화진흥회는 해당 작품을 목재문화 홍보를 위한 전시, 상품판매 지원을 위한 박람회 참여 등의 용도로 사용됨\n\n- 기타사항\n\n * 주최측은 예심통과작품(본심진출작품)에 한해 시작품 제작을 위한 재료비(10만원) 지급\n\n * 시제품제작 지원은 수상작품의 상품화를 위해 목재문화진흥회에서 책정된 예산범위 내에서 수상작 구매 및 홍보용으로 관련 기관에 배포함. 수상자가 사업자가 아닌 경우 상품화를 위한 제품생산 공방 연계 및 저작권료 책정,지급하도록 함\n\n * 수상작품수 및 시상훈격은 사정에 따라 변경될 수 있음\n\n * 위 공고사항 이외의 필요한 사항은 주최측이 별도로 정함\n\n \n\n■ 문의 사항\n\n- 문의처 : 목재문화진흥회 기획홍보실(☎02-3463-9635)\n',174,NULL),(6,'제 3회 상권분석 빅데이터 경진대회','일반인, 대학생','서울시, 서울신용보증재단 / 서울신용보증재단',NULL,'2020-07-01','2020-07-31','2020-05-01 08:50:02','1천만원이하','400만원','https://www.seoulshinbo.co.kr/wbase/contents/bbs/view/12037.do?mng_cd=STRY9788&pageIndex=1','\n제3회 상권분석 빅데이터 경진대회\n\n소상공인지원을 위한 상권분석 빅데이터 경진대회는 상권분석 빅데이터와 신기술을 적용하여 상권분석 모형을 산출하는 \'Real Big Data Project\' 입니다. 이번 대회를 통해 실제적인 경험을 갖춘 데이터 사이언티스트로 거듭나시기 바랍니다.\n\n■ 참가 대상 : 개인 및 팀 (최대3인)\n- 학생부문 : 학적부 상 대학(원)생\n- 일반부문 : 교수(연구원 포함), 일반인(업체관계자 포함)\n\n■ 제공데이터 : 서울시 2개(강북구, 강남구) 자치구 상권분석용 원본데이터\n\n■ 분석 환경\n- 원하는 장소에서 참가자 PC를 통해 원격접속(팀당 1계정)\n- R, Python, QGIS 등 오픈소스\n\n■ 분석 과제 : 상권분석서비스 모델 개발 및 고도화\n(예시1) 상권분석서비스에 적용 가능한 신사업(외국인정보, 온라인상권, 테마상권 등) 개발\n(예시2) AI등 4차산업 기술을 반영 상권분석서비스 고도화\n(예시3) 상권내 업종 연관성에 기초한 고객이용 패턴이 반영된 고객 이동경로 분석\n(예시4) 동일 업종 내 가맹점간 Dynamic 경쟁관계 분석(ex. 프랜차이즈 vs 비프랜차이즈)\n(예시5) 최근 소비 급성장 업종의 파워상품 도출 및 주 소비자의 특성 분석\n\n■ 대회일정\n- 대회신청서 및 제안PT접수 : 2020.7.1 ~ 7.31\n- [1차심사] 제안PT기반 : 2020.8.1 ~ 8.7\n- 1차심사 통과자 대상 오리엔테이션 : 2020.8.13\n- [본대회] 모형개발 프로젝트 진행 : 2020.8.14 ~ 9.11\n- [2차심사] 모형 산출물 기반 : 2020.9.14 ~ 9.18\n- 최종결과 발표 및 시상 : 2020.9월말\n\n■ 접수방법 : e-mail 접수 (ehlee@seoulshinbo.co.kr)\n\n■ 시상 계획\n- 최우수(1팀) : 상금 400만원\n- 우  수(2팀) : 상금 200만원\n- 장  려(3팀) : 상금 100만원\n※ 포상금 등 관련한 제세공과금은 시상자 본인 부담\n\n■ 참가 신청\n- 신청서접수 : 참가 신청서 및 개인정보 수집·이용 동의서 작성(첨부2 참조) 후 스캔 제출\n- 제안서접수 : 신청서 접수 후 신청기간 내(2020.7.1.~7.31 24:00) 자유양식으로 제안서 제출 시 최종 신청 완료  ※ 신청서 및 제안서 동시 제출 가능\n- 접 수 방 법 : 담당자 E-mail 접수 (ehlee@seoulshinbo.co.kr)\n- 신청기간 : 2020.7.1.(수) ~ 2020.7.31.(금) 24:00 까지\n\n■ 유의사항\n- 제안서는 서울시 우리마을가게 상권분석서비스(golmok.seoul.go.kr) 참고하여 작성\n- 데이터 명세서(스키마 등)는 본 대회 진출자에 한해 제공\n\n■ 문의처 : 서울신용보증재단 상권분석팀 Tel. 02-2174-5077',1588,NULL),(7,'2020 한우 영상 공모전','제한없음','한우자조금관리위원회',NULL,'2020-08-03','2020-09-04','2020-08-03 01:43:49','1천만원이하','200만원','http://hanwooboard.df-host.co.kr/','2020 한우 영상 공모전\r \r (한우랑 나랑)\r \r  \r \r ■ 공모대상\r \r - 한우를 좋아하는 모든 사람들\r \r  \r \r ■ 공모주제\r \r - 한우와 얽힌 나의 이야기 / 나만의 한우 요리 / 한우와 관련된 전반적인 이야기 및 음원 등\r \r  \r \r ■ 시상내역 : 총 상금 500만원\r \r - 한우투뿔상(1등) : 200만원 / 1명 (부상 한우선물세트)\r \r - 한우원뿔상(2등) : 100만원 / 1명\r \r - 우리한우상(3등) : 50만원 / 4명\r \r  \r \r ■ 공모일정\r \r - 참가신청 : 2020년 8월 3일 ~ 2020년 9월 4일\r \r - 1차 심사 : 2020년 9월 10일\r \r - 최종심사 : 2020년 9월 17일\r \r  \r \r ■ 제출 방법\r \r - 출품작수 : 1팀 1점\r \r - 제출방법 : 참가신청서와 출품작을 첨부하여 이메일을 통해 접수 신청\r \r - 제출요구사항 : 해상도 FULL HD급 이상, 포맷 MP4, 분량 5분 내외\r \r  \r \r ■ 접수 방법 \r \r - 참가신청서와 공모작을 이메일로 송부\r \r  * http://hanwooboard.df-host.co.kr/ \r \r  \r \r ■ 심사 방법\r \r - 활용성 / 기획의도 / 독창성 / 전달성 / 흥미성\r \r  \r \r ■ 유의 사항\r \r - 작품 내 출품자 이름 및 소속 등을 과도하게 노출한 경우에는 심사 대상에서 제외 합니다.\r \r - 입상작은 공모전 종료 후 한우자조금관리위원회 유튜브 채널을 통해 공개 됩니다.\r \r - 입상자는 주최 측이 동 건 저작물을 공모전의 취지, 목적을 달성하기 위한 필요한 한도 내에서 복제 및 전송의 방법으로 이용하는 것을 허락 합니다.\r \r  \r \r ■ 문의 사항 \r \r - 안내 페이지 참고 부탁 드립니다.\r \r  * http://hanwooboard.df-host.co.kr/\r',177,'co7.png'),(8,'제2회 2020년 경기도 광고홍보제 공모전','제한없음','경기도',NULL,'2020-08-03','2020-09-02','2020-08-03 02:20:01','5천만원이상','1,000만원','http://www.ggideacontest.com/','제2회 2020년 경기도 광고홍보제 공모전\n\n \n\n■ 공모주제 : 정책과제, 공익과제\n\n \n\n■ 접수 기간 : 2020. 8. 3.(월) ~ 9. 2.(수) 18:00까지 (*전 부문 동일)\n\n \n\n■ 지원자격 : 전 국민 (국내외 거주자 모두 참여 가능, 단, 한글 작품)\n\n \n\n■ 공모분야\n\n- TV광고\n\n * 카피가 포함된 30초 분량의 스토리보드\n\n- 바이럴필름\n\n * 30초~2분 이내의 영상(표현할 수 있는 모든 수단 활용 가능)\n\n- 인쇄광고\n\n * 5×7배판 규격의 신문, 잡지 매체용 광고물\n\n- 옥외광고\n\n * 공공시설물, 교통수단 등 다양한 소재를 활용한 디자인 광고물\n\n- 기획/마케팅\n\n * 기획/마케팅 기획서\n\n \n\n■ 접수방법 : 온라인접수\n\n \n\n■ 시상내역\n\n- 공통\n\n * 대  상(전분야) : 1작품 / 1,000만원\n\n- 부문별\n\n * 최우수상(일반부, 대학부, 청소년부 각 1편) : 3작품 / 각 500만원\n\n- 부문ㆍ분야별\n\n * 우수상(각 1편) : 15작품 / 각 100만원\n\n * 장려상(각 2편) : 30작품 / 각 50만원\n\n- 공통\n\n * SNS 특별상(전 분야) : 5작품 / 각 60만원\n\n* 심사결과에 따라 훈격 및 작품 수는 일부 조정될 수 있음\n\n** 중복수상은 불가하며, 시상금의 제세공과금은 수상자 부담\n\n※ 특별상 : SNS 컨텐츠 활용에 적합한 공모작\n\n- 인턴십 : 국내 광고회사 인턴십 기회 부여(대학부/2명)\n\n \n\n■ 연락처 : 070-4175-5760 / 2020ggic@gmail.com\n',194,'co8.jpg'),(9,'2020 삼성 모니터 디자인 공모전','제한없음','삼성전자',NULL,'2020-07-20','2020-08-31','2020-08-03 02:20:55','1천만원이하','300만원','https://cafe.naver.com/samsungmonitor','2020 삼성 모니터 디자인 공모전\r  \r \r “모니터의 새로운 기준을 제시하다”\r \r  \r \r ■ 공모전 자세히 보기\r \r  - 삼성전자 홈페이지( https://www.samsung.com/sec/samsung_monitor_design/ )\r \r  \r \r ■ 공모전 일정\r \r - 접수 : 2020년 7월 20일(월) ~ 2020년 8월 31일(월)\r \r - 심사 : 2020년 9월 1일(화) ~ 2020년 9월 7일(월)\r \r - 수상작 발표 : 2020년 9월 10일(목)\r \r - 시상식 : 2020년 9월 18일(금)\r \r  \r \r ■ 공모전 주제\r \r - 소비자의 구매 욕구를 불러일으킬 수 있는 혁신적인 모니터 디자인\r \r  \r \r ■ 지원자격\r \r - 삼성 모니터 디자인에 관심 있는 누구나(개인 또는 4인 이하 팀 참가 가능)\r \r  \r \r ■ 시상내역\r \r - 대상(1팀) : 상장 및 상금 300만원\r \r - 최우수상(1팀) : 상장 및 상금 200만원\r \r - 우수상(1팀) : 상장 및 상금 100만원\r \r ※ 제세공과금 당사 부담\r \r  \r \r ■ 제출서류\r \r 1. 참가 신청서(지정 양식) 1부\r \r 2. 디자인 이미지 파일(규격 : jpg/pdf 등 이미지 파일, 30MB 이하)\r \r 3. 제안서(자유양식) 1부\r \r 4. 개인 정보 수집 이용 동의서(작성 후 스캔하여 제출, 팀의 경우 구성원 전원 제출)\r \r  \r \r ■ 제출 방법\r \r - 공모전 카페( https://cafe.naver.com/samsungmonitor )에 첨부된 제출서류 양식 다운로드 후, 작성하여 담당자 이메일(samsungmonitor@naver.com)로 접수\r \r  \r \r ■ 유의사항\r \r - 지원서 작성 시 기입한 정보와 다를 경우 시상에서 제외됩니다.\r \r - 출품된 파일은 반드시 순수창작물이어야 하며 지원 기간 또는 지원 이후에도 표절 및 도용이  있을 경우 심사에서 제외되거나, 수상이 취소됩니다.\r \r - 본 행사는 당사 사정에 따라 예고 없이 변경될 수 있습니다.\r \r - 상금에 대한 제세공과금은 당사에서 부담합니다.\r \r  \r \r ■ 문의처\r \r - 공모전 카페( https://cafe.naver.com/samsungmonitor ) \r \r - 담당자 이메일( samsungmonitor@naver.com )\r',5743,'co9.jpg'),(10,'2020 ICT콕 AI 공모전','일반인, 대학생','과학기술정보통신부, 서울특별시',NULL,'2020-07-29','2020-08-12','2020-08-03 02:26:38','1천만원이하','300만원','http://ictcoc.kr/01_ict/ict06_view.asp?idx=262','2020 ICT콕 AI 공모전\n\n \n\n서울시와 함께 공공서비스 문제 해결을 위한 인공지능(AI) 공모전을 개최합니다.\n\n창의적이고 혁신적인 아이디어 및 개발능력을 가진 분들의 많은 참여 바랍니다.\n\n\'I Create Tomorrow at CoC\'\n\n \n\n■ 공모주제 : 인공지능 기술을 활용한 서울시 공공서비스 문제 해결(자유주제)\n\n- \'서울 열린데이터 광장\'의 데이터를 활용하여 알고리즘 및 어플리케이션 개발( http://data.seoul.go.kr/ )\n\n \n\n■ 참가대상 : 해당 주제에 관심 있는 만 19세 이상의 누구나 신청 가능 \n\n- 팀(3~4명)으로 지원\n\n ※ 개인으로 지원 불가\n\n \n\n■ 참가방법 : https://forms.gle/b3R7VsyG6aQoHgzz7\n\n- 신청 양식 작성 → 서류평가 → 본선 참가팀 선정\n\n \n\n■ 참가신청기간: 2020.7.29.(수) ~ 8.12.(수) 18:00\n\n \n\n■ 서류평가 결과 발표 : 2020.8.14.(금)\n\n ※ 개별 통보 예정\n\n \n\n■ 본선일정\n\n- 개발 진행 및 결과 제출: 2020.8.15.(토) ~ 8.23.(일)\n\n- 현장발표: 2020.8.26.(수)      \n\n- 시상 및 수상자 네트워킹: 2020.8.28.(금)     \n\n※ 발표 및 시상 장소: ICT콤플렉스(서울 마포구 마포대로 122, 프론트원 6층)\n\n \n\n■ 시상 (총 상금 9,000,000원)\n\n-  최우수상(정보통신산업진흥원장상) 1팀 : 300만원\n\n-  우수상(정보통신산업진흥원장상) 2팀 : 각 200만원\n\n-  장려상(정보통신산업진흥원장상) 2팀 : 각 100만원\n\n-  서울시특별상(서울특별시장상 권한대행 행정1부시장) 1팀\n\n \n\n■ 문의사항\n\n- ICT콤플렉스 사무국(02-6953-0536~7, ictcoc@kfict.or.kr)\n\n \n\n▶ ICT콕 인스타그램 https://www.instagram.com/ictcoc/\n\n▶ ICT콕 페이스북 https://www.facebook.com/ictcoc/\n',1860,'co10.jpg'),(11,'제1회 코리아타임스 영어 프레젠테이션 대회','제한없음, 일반인, 대학생, 청소년, 기타','코리아타임스',NULL,'2020-06-20','2020-08-09','2020-08-03 02:25:56','3천만원~1천만원','200만원','https://koreatimes.co.kr/www/nation/2020/06/780_291447.html','제1회 코리아타임스 영어 프레젠테이션 대회\r \r  \r \r 코리아타임스와 ETS코리아가 함께 제1회 영어 프레젠테이션 대회를 개최합니다. 본 대회는 발표 동영상 링크 제출로 참여가 가능합니다. 여러분의 많은 참여를 기다립니다.\r \r  \r \r ■ 접수 기간 : 2020. 6. 20 (토) - 8. 9 (일)\r \r  \r \r ■ 발표 주제\r \r - 중고생(개인 / 단체) - \"포스트 코로나 시대에 요구되는 인재상과 교육의 방향성\"\r \r - 대학(원)생일반 (개인 / 단체) - \"코로나가 국제 사회에 미치는 영향과 향후 대응 방안\"\r \r  \r \r ■ 지원 자격\r \r - 개인 및 단체(3인 이내)\r \r - 국내 학교에 재학 중인 중•고생\r \r - 대학(원)생 및 일반인\r \r * 영어를 모국어로 하는 국가는 참가자 대상국이 아님\r \r  \r \r ■ 심사 기준\r \r - 내용 전개 30점\r \r - 영어 전달력 30점\r \r - 영어 표현력 30점\r \r - 영상 완성도 30점\r \r * 가산점 +3점 (정규/모의 토플 모두 가능, 단 2년 이내 응시)\r \r  \r \r ■ 공모 일정\r \r - 접수 기간: 6월 20일 (토) ~ 7월 31일 (금)\r \r - 수상자 발표: 8월 중 예정\r \r - 시상식: 8월 27일 (목)\r \r * 코리아타임스 홈페이지에 수상자 발표 및 개별 통지\r \r * 코로나19로 인한 사회적 분위기에 따라 시상식 일정 변경 가능\r \r  \r \r ■ 시상 내역 (부문별 최우수상•우수상•장려상)\r \r - 중•고생 개인/단체 (각각) 150만원•100만원•50만원\r \r - 대학(원)생•일반 개인/단체 (각각) 200만원•150만원•100만원\r \r ■ 상금 : 총 1500만원\r \r  \r \r ■ 수상자 혜택 \r \r ※ 수상자는 코리아타임스, ETS Korea, 주한미국상공회의소(AMCHAM) 인턴 모집 시 우대\r \r  \r \r ■ 접수 방법\r \r 발표 동영상(5분 이내 자유 양식) 유튜브 등 영상 플랫폼에 업로드\r \r QR코드 스캔 후 온라인 신청서 작성 또는 아래 링크 클릭 후 신청서 작성\r \r https://bit.ly/2AHS0QO\r \r  \r \r ■ 후원사 소개\r \r ETS는 교육평가 서비스를 제공하는 비영리기관으로, 업계를 선도하는 전문성과 엄격한 품질 관리, 그리고 심도 있는 연구 결과를 바탕으로 교육 및 산업 현장의 의사결정을 지원합니다. ETS는 연간 5천만 건 이상의 시험을 전 세계 180개 이상의 국가에서 출제, 시행 및 채점합니다. http://www.ets.org\r \r  \r \r ■ 공모전에 관한 자세한 내용은 하단의 링크를 클릭하세요\r \r - https://koreatimes.co.kr/www/nation/2020/06/780_291447.html\r',11050,'co11.jpg'),(12,'2020 SMART CITY 시민참여 아이디어 경진대회','제한없음, 일반인, 대학생, 청소년, 어린이','첨단정보통신융합산업기술원 / 대구광역시',NULL,'2020-07-20','2020-08-14','2020-08-03 02:43:30','1천만원이하','300만원','http://www.smartcityidea.or.kr/','2020 SMART CITY 시민참여 아이디어 경진대회\n\n■ 접수기간 : 2020.7.20(월) ~ 2020.8.14(금)\n\n■ 모집대상 : 전국 초·중·고등학생, 대학생 및 일반인\n\n■ 주제 : 안전하고 깨끗한 스마트도시 만들기\n\n■ 신청\n- 제출서류 : 참가신청서, 서약서, 개인정보 수집 및 이용 동의서\n- 제출방법 : 홈페이지 접수\n\n■ 시상내역\n- 대상 1팀 : 첨단기술원장상 / 300만원 상금\n- 최우수상 1팀 : 첨단기술원장상 / 200만원 상금\n- 우수상 1팀 : 첨단기술원장상 / 100만원 상금\n※ 상장별 1개 팀 시상 수상팀에 대한 부상(상금)은 팀장에게 지급\n※ 상장은 시상식 이후 우편으로 개별 배송, 부상(상금)의 제세공과금은 본인부담',2576,'co12.jpg'),(13,'대기질 개선을 위한 정책·기술 아이디어 공모전','일반인, 대학생','환경부 수도권대기환경청',NULL,'2020-04-29','2020-07-03','2020-08-03 02:32:58','3천만원~1천만원','500만원','https://www.aircontest.kr/','대기질 개선을 위한 정책·기술 아이디어 공모전\r \r  \r \r ■ 응모자격 : 만19세 이상 개인 또는 팀(3인 이내)\r \r  \r \r ■ 접수기간 : `20. 4. 29.(수) ∼ 7. 3.(금)\r \r  \r \r ■ 접수방법 : 공모전 홈페이지( http://aircontest.kr ) → 신청서 및 과제요약문 양식다운로드 → 작성 후 접수\r \r  \r \r ■ 공모분야\r \r - 생활 속 대기환경문제 해결에 대한 아이디어 및 기술\r \r - 자동차 배출가스 저감을 위한 아이디어 및 정책\r \r - 친환경 보일러, 저공해차량 등 친환경 제품 보급 확산을 위한 방안\r \r - 고농도 미세먼지 계절관리제 국민 참여 활성화 방안\r \r - 기타 대기환경 분야 자유 주제\r \r  \r \r ■ 추진일정\r \r - 4.29∼7.3 : 공모전 접수\r \r - 7.20∼7.31 : 1차 심사 및 선정\r \r - 8월 6일(예정) : 중간발표회\r \r - 9월 7일(예정) : 최종발표회 및 시상\r \r ※ 중간발표회 및 최종발표회 불참 시 시상 불가\r \r  \r \r ■ 시상내역\r \r - 최우수상(1) : 환경부장관상 / 500만원\r \r - 우수상(1) : 환경부장관상 / 200만원\r \r - 장려상(2) : 수도권대기환경청장상 / 100만원\r \r - 입선(6) : 수도권대기환경청장상 / 30만원\r \r  \r \r ■ 유의사항\r \r - 수상 후 모방 혹은 표절, 기존 발표된 과제, 중복 응모 등 수상에 결격 사유가 발생할 경우에는 수상을 취소하고 지급된 상금 및 상장을 즉시 회수함\r \r - 수상작과 관련하여 지적 재산권 분쟁 등 법적분쟁 발생 시 접수자 본인에게 책임이 있음\r \r  \r \r ■  문의 : \r \r - 공모전 운영사무국(02-3407-1564, bluesky@epa.or.kr)\r \r - 홈페이지 접수/장애문의 (070-5121-0247, gohj0401@the-viral.co.kr) ',21390,'co13.jpg'),(14,'2020 제 4회 식품외식산업 대학생 논문경진대회','대학생','농림축산식품부 / 한국농수산식품유통공사',NULL,'2020-08-03','2020-08-31','2020-08-03 02:46:59','3천만원~1천만원','300만원','https://www.atfis.or.kr/article/M005010000/view.do?articleId=3456','2020 제 4회 식품외식산업 대학생 논문경진대회\n\n안녕하세요.\n농식품부와 한국농수산식품유통공사는 식품외식산업정보에 대한 관심을 제고와 식품외식산업의 저변을 확대하기 위해 제 4회 대학생 논문경진대회를 개최하오니, 학생 여러분의 많은 관심과 참여 부탁드리겠습니다.\n\n■ 참가자격 : 공고일 현재 대학 재학(휴학, 수료 포함) 중인 자 \n\n■ 참가형태 : 개인 또는 팀(4인 이내) 형태로 참여 가능 \n\n■ 신청방법 : 신청서 및 논문을 접수기간 내 이메일 제출(fis_paper@at.or.kr)\n\n■ 접수기간 : 2020년 8월 3일(월) ~ 8월 31일(월) 18:00까지\n\n■ 유의사항 : 식품외식산업정보 사이트에 수록된 정보를 반드시 인용 \n (인용 여부 확인이 어려운 경우 심사에서 제외)\n\n■ 시상내용 : 농식품부 장관상 및 aT 사장상 / 장학금 / 차년도 aT 청년인턴 지원시 가점 부여\n- 최우수(1편) : 3백만원\n- 우  수(3편) : 2백만원\n- 장  려(6편) : 1백만원\n\n■ 문의사항\n- 한국농수산식품유통공사 식품기획정보부 (061-931-0715, 0718)  \n',3349,'co14.jpg'),(15,'Fintech AI 온라인 해커톤','제한없음','앵커밸류 / 앵커밸류','ANW Foundation, SBCN, FABOT','2020-07-27','2020-08-16','2020-08-03 02:32:58','1천만원이하','$3,000','https://www.an-va.com/','안녕하세요. \nAI를 비롯한 다양한 4차 산업 기술 분야에 투자하고 유망한 기업을 육성하는 투자 컨설팅 회사, 앵커밸류에서 AI 기술 공모전 및 해커톤을 개최합니다. \n창업을 준비하고 있는 팀의 경우 최대 1억원의 창업 지원금까지 투자 받을 수 있는 기회를 놓치지 마세요. \n\n■ 주제 및 분야 : 인공 지능을 활용한 Fintech 관련 서비스 프로토타입 개발 \n\n■ 모집 대상 : 인공지능 개발에 대한 지식을 가지고 있는 일반 및 학생 개발자 (1팀 당 1인 ~ 5인) \n\n■ 지원서 제출 : 2020.07.27 - 2020.08.16 \n- 신청폼 작성 및 제출 \n\n■ 1차 아이디어 공모 : 2020.08.18 - 2020.08.24 \n- 기획서 형태의 아이디어 온라인 제출 (20팀 선정) \n\n■ 2차 온라인 해커톤 : 2020.08.28 - 2020.08.29\n- 기본 프토타입 구축 및 개발 플랜 온라인 제출 (3팀 선정) \n\n■ 시상\n- 1등 : $3,000\n- 2등 : $2,000 \n- 3등 : $1,000 \n\n■ 지원서 제출 : https://forms.gle/BWEwgCKF83g93vjX8\n\n■ 문의 : kyurah@anw.foundation',435,'co15.jpg'),(16,'[과학기술정보통신부] 2020 융합연구 활성화 아이디어 공모전','대학생, 기타','과학기술정보통신부',NULL,'2020-06-25','2020-08-20','2020-08-03 02:51:50','1천만원이하','300만원','https://bit.ly/3e664Rw','[과학기술정보통신부] 2020 융합연구 활성화 아이디어 공모전\n\n과학기술 발전에 따른 복잡ㆍ다양한 환경변화 및 새로운 미래사회를 대비하기 위해서는 다양한 분야의 융합이 필수적입니다. 이에 융합연구 활성화 아이디어를 발굴하기 위해 2015년부터 ‘융합연구 활성화 아이디어 공모전’을 추진하였으며, 이번에 6회 개최에 이르게 되었습니다. 아래와 같이 본 공모전을 공고하오니, 융합연구에 관심 있는 대학(원)생 여러분들의 많은 참여 부탁드립니다.\n\n■ 목적\n- 새로운 미래사회를 대비하기 위한 융합연구 활성화 아이디어 공모전 시행을 통해 대학(원)생들의 참신한 아이디어 발굴\n\n■ 응모자격\n- 국내ㆍ외 대학(원)생으로 개인 또는 3인 이내로 구성된 팀(휴학생 포함)\n※ 팀 또는 단체 응모 가능(참가신청서에는 대표자명으로 기재)하며, 팀으로 지원할 경우, 상장에는 수상자를 팀명/팀원으로 명시\n\n■ 공모 주제\n① 현안 문제 해결을 위한 융합연구 아이디어 \n ex) 전염병 예측 및 신재생에너지 개발 및 활용, 인공지능과 인간의 상호작용 등\n② 내가 하고 싶은 융합연구 설계\n③ 융합연구 환경개선을 위한 아이디어\n ex) 융합연구 활성화를 위해 2030 세대가 원활하게 소통할 수 있는 방안 등\n\n■ 시상계획\n- 총 11편 내외 선정하여 시상(총 750만원)\n * 대상(1) : 300만원\n * 최우수상(2) : 100만원\n * 우수상(3) : 50만원\n * 장려상(5) : 20만원\n※ 수상 기준에 적합한 응모작이 없을 경우 시상내역 변동가능\n\n■ 지원방법\n- 접수기간 : ’20년 6월 25일(목) ~ 8월 20일(목)\n * 접수작 수에 따라 접수일정은 9월 중순까지 연장될 수 있음\n- 신청방법 : 융합연구정책센터 홈페이지 온라인 접수 ※ 하단의 \'지원하기\' 클릭\n- 제출서류\n * 신청서, 제안서(A4 5페이지 내외), 개인정보 수집ㆍ활용 동의서, 공모전 약관확인서\n  ※ 상단에서 서식을 다운로드하여 작성 후 제출\n\n■ 추진일정\n- 공모전 공고·접수 : 6~ 8 월\n- 예선심사 : 9월 초~중\n- 결선 평가 : 9월 말 \n- 시상 및 포상 : 11월\n※ 상기 일정은 추진상황에 따라 변경될 수 있음\n\n■ 유의 사항\n- 아이디어 제안에 부적격한 사례는 심사 및 수상에 제외됨\n * 타 공모전에 입상하였거나, 타인의 저작권 침해 한 경우 수상 제외\n- 수상 기준에 적합한 응모작이 없을 경우 시상내역을 조정하거나 선정하지 않을 수 있음\n\n■ 문의처\n- 담당자 : (사) 미래융합협의회 사무국(02-958-4988)\n- 이메일 : seoyoung@acer.or.kr\n',11793,'co16.jpg'),(17,'2020 한국산업인력공단 월드잡플러스 서포터즈 7기 모집','대학생, 기타','한국산업인력공단',NULL,'2020-07-13','2020-08-02','2020-08-03 02:39:29','1천만원이하','','https://www.worldjob.or.kr/info/bbs/notice/view.do?menuId=1000000049&bbscttNo=136859','2020 한국산업인력공단 월드잡플러스 서포터즈 7기 모집\n\n \n\n■ 활동내용\n\n- 해외취업지원사업, 월드잡플러스 홍보콘텐츠 제작\n\n- 해외취업 프로그램 참여 및 현장 취재\n\n- 월별 정기미션 및 상시미션 수행\n\n- 월드잡플러스 홈페이지 모니터링 의견 제시\n\n \n\n■ 모집 기간 : 2020. 07. 13(월) ~ 08. 02. (일)\n\n \n\n■ 모집 인원\n\n- 총 30명 내외\n\n(기자/크리에이터 별도 모집)\n\n \n\n■ 모집 대상\n\n- 해외취업 및 월드잡플러스에 관심있는 대학교 재(휴)학생\n\n- 2020년 8월 ~ 11월간 온•오프라인 서포터즈 활동 가능자\n\n \n\n■ 참가 비용 유/무 : 참가 비용 없음\n\n \n\n■ 우대 사항\n\n- 블로그 혹은 SNS 운영 경험자\n\n- 영상제작, 디자인 가능자\n\n \n\n■ 활동 지역 : 전국\n\n \n\n■ 활동 기간 : 2020년 8월 ~ 11월\n\n \n\n■ 활동 혜택\n\n- 우수활동자 이사장상 및 해외탐방 기회 제공 (불가 시 장학금 수여)\n\n- 월 활동비 및 우수자 인센티브 지급\n\n- 위촉장, 수료증\n\n- 해외취업 관련행사 참여기회 제공\n\n \n\n■ 오프라인 모임 횟 수 (월 x회)\n\n- 팀별 재량\n\n \n\n■ 지원하는 방법\n\n- 구글 독스(설문지) 접속을 통한 지원서 작성\n\n ※ 지원서 내 분야별 사전 미션 링크 작성 포함\n\n- 지원 링크: https://forms.gle/4NKEmC8krqtWvkee9\n\n \n\n■ 선발 절차\n\n- 서류 접수 → 심사 → 최종 선발\n\n- 면접(X)\n\n \n\n■ 기타\n\n- 문의: 월드잡플러스 서포터즈 운영사무국\n\n- E-mail. hrdkorea2020@naver.com\n\n- TEL. 02-6958-1910\n\n- 해외취업에 관심있는 대학생 여러분의 많은 참여 바랍니다',4633,'co17.gif'),(18,'2020 제2회 4.3과평화 영상 공모전','제한없음','제주4.3평화재단',NULL,'2020-07-13','2020-09-25','2020-08-03 02:58:12','3천만원~1천만원','300만원','https://jeju43peace.or.kr/kor/BBSMSTR_000000000001/5465/view.do','2020 제2회 4.3과평화 영상 공모전\n\n■ 공모전명 : 제2회 <4‧3과 평화> 영상공모전\n\n■ 공모주제 : 제주4‧3을 소재‧주제로 하는 자유영상물\n\n■ 공모대상 : 개인 또는 4인 이하 팀 누구나(연령 및 지역제한 없음)\n\n■ 작품분야 : 홍보영상, 브이로그, 다큐멘터리, 드라마 등 장르 무관\n\n■ 작품형식 : 모든 형태의 3분 내외 영상 콘텐츠\n(AVI, WMA, ASF, MPEG파일 등)\n\n■ 시상규모 : 총 15,000천원(총 17편)\n- 대 상 : 300만원, 1편\n- 최우수상 : 150만원, 2편\n- 우 수 상 : 100만원, 4편\n- 장 려 상 : 50만원, 10편\n\n■ 신청기간 : ‘20. 7. 13.(월) ~ 9. 25.(금) 18:00\n※ 마감시간 이후 제출시, 접수 불인정\n\n■ 신청자격 : 개인 또는 4인 이하 팀 누구나(연령 및 지역제한 없음)\n\n■ 신청방법\n- 제작 영상을 개인 유튜브에 업로드한 후, 작품과 제출서류 파일을 이메일 제출\n * 제출 서류 : 출품신청서(영상 URL 기재), 개인정보수집‧활용동의서\n  ※ 담당자 검토 후 서류 보완, 추가 제출 요청이 있을 수 있습니다.\n\n■ 접 수 처 : 제주4·3평화재단(이메일 jjp43@daum.net)\n\n■ 영상규격 : 해상도 720p(1280×720pixel) 이상, 재생시간 3분 내외 영상\n※ 개인 또는 팀당 2개 이상의 작품을 출품할 수는 있으나, 상은 중복수령 불가\n\n■ 심사방법 : 외부 전문가 등 심사위원회 최종심사\n\n■ 심사기준 ﻿ \n- 주제의 적정성 : 주제 적합성 등(40) \n- 작품성 : 기획의 창의성, 우수성, 전달력 등(20)\n- 완성도 : 구성력, 편집기술, 표현력 등(20)\n- 흥미성 : 호기심 유발 등(20)\n\n■ 당선작 발표 : ‘20년 10월 중(예정)\n\n■ 유의사항\n- 응모작은 반드시 본인의 창작물이여야 하며, 공모 취지에 적합하지 않거나 타공모전 수상작(혹은 유사한 작품, 타인의 저작물‧명의 도용 등)일 경우 심사에서 제외\n ※ 수상 이후에도 위 사항이 밝혀지면 수상취소 및 시상금 회수 조치합니다.\n ※ 이전에 개인 유튜브 또는 블로그 등에 공개된 작품은 응모 가능합니다.\n- 출품작과 관련서류는 반환되지 않으며, 출품작의 저작권(저작인격권과 저작재산권)은 응모자에게 있으나, 수상자에 한해 저작권 이용 동의서를 받아 제주4·3평화재단이 저작재산권(2차적 저작물작성권 포함)을 행사함\n- 주관기관은 입상작품을 상업적 목적이 아닌 자료용·홍보용 등으로 사용할 수 있으며 향후 활용과정에서 작품 내용이 다소 수정될 수 있음\n- 타인의 저작권 침해 등 관련 법 규정 위반 시 모든 민․형사상 책임은 응모자에게 있음\n- 공모일정은 사정에 따라 변경될 수 있으며, 심사내용은 공개하지 않음. 단, 심사평은 공개할 수 있음\n- 응모한 작품이 일정 수준에 미달할 경우 당선작 전부 또는 일부를 선정‧시상하지 않거나 총 상금 내에서 시상내역이 변경될 수 있음\n- 제주4‧3평화재단은 출품신청서에 기재된 정보를 바탕으로 심사‧시상절차를 진행하며, 해당 내용이 사실과 다를 경우 발생하는 모든 불이익은 응모자가 책임져야 함\n- 상금수상에 따른 제세공과금은 수상자 본인이 부담함\n\n■ 문의처 : 제주4‧3평화재단\n- 이메일 : jjp43@daum.net\n- ☎ 담당자 연락처 : 064-723-4306\n',572,'co18.jpg'),(19,'The가꿈 제5기 대학생 멘토링 봉사자 가꾸미 모집','대학생','한국지역아동센터연합회 / 서울 사회복지공동금회','현대백화점 사회복지재단','2020-07-31','2020-08-09','2020-08-03 02:44:16','다양한 혜택',NULL,'http://www.hjy.kr','The가꿈 제5기 대학생 멘토링 봉사자 가꾸미 모집\n\n■ 모집기간 : 2020년 7월31일(금)~8월9일(일) 18시까지 10일간\n\n■ 모집대상 : 서울, 경기, 인천 소재 대학교 재학생(4학년 2학기 재학생 및 휴학생 제외)\n\n■ 모집인원 : 대학생 50명 \n\n■ 활동기간 : 2020년9월 - 2021년5월 \n\n■ 활동시간 : 총 120시간 (주 2회, 2시간 이상, 최소 40회 이상)\n\n■ 활동혜택 : 생활 장학금 340만 원 지원, 비대면 교육 플랫폼 이용료 및 교재지원\n\n■ 활동내용 : 지역아동센터 아동 대상 학습지도 및 멘토 활동 / 활동기간 중 사전교육 1회, 기본교육 3회 필수 수강\n\n■ 향후일정 : 서류 합격 및 면접 대상자 발표 : 2020년 8월11일(화) 본회 홈페이지 \n\n■ 향후일정 : 최종 합격자 발표 : 2020년 8월18일(화) 본회 홈페이지 \n\n■ 접수방법 : 본회 홈페이지 공지사항\n① 구글 접수 https://forms.gle/vFch3Lnu5fksT53p7\n② 서류 e-mail 제출\n\n■ 문의 : 한국지역아동센터연합회 이수연 대리 1544-4196',1120,'co19.jpg'),(20,'2020 식품안전나라 데이터 활용 아이디어·사례 공모전','제한없음','식품의약품안전처, 식품안전정보원',NULL,'2020-07-29','2020-10-25','2020-08-03 03:03:18','1천만원이하','300만원','https://bit.ly/3jRiZeo','2020 식품안전나라 데이터 활용 아이디어·사례 공모전\n\n2020 식품안전나라 챌린지 (공공데이터 활용 아이디어·사례 공모전) \n\n \n\n식품안전나라 데이터 활용 서비스 내 공공데이터(Open-API) 사용 활성화를 위해 공공서비스 부문 「2020 식품안전나라 데이터 활용 아이디어·사례 공모전」을 개최하오니, 관심 있는 분들의 적극적인 참여를 바랍니다.\n\n \n\n■공모전명 : 「2020 식품안전나라 챌린지 (공공데이터 활용 아이디어·사례 공모전)」\n\n \n\n■주 제 : 식품안전나라 공공데이터 활용 스마트 공공서비스 아이디어 및 사례 발굴\n\n* 식품안전나라 데이터 활용 서비스: https://www.foodsafetykorea.go.kr/apiMain.do\n\n \n\n■참가대상 : 전 국민 대상(개인 또는 팀)\n\n \n\n■시상규모 : 상금 1,000만원\n\n- 대상(식품의약품안전처장상) : 1점 300만원\n\n- 최우수상(식품안전정보원장상) : 2점 200만원\n\n- 우수상(식품안전정보원장상) : 3점 100만원\n\n \n\n■신청\n\n- 신청기간 : 2020.7.29.(수) ~ 2020.10.25.(일)\n\n- 신청방법 : 이메일 접수 / mykim@foodinfo.or.kr\n\n- 참가자격 : 제한 없음(전국민 누구나/개인 또는 팀)\n\n \n\n■ 제출서류\n\n- 개인정보수집·이용·제공 동의서, 참가신청서, 개발 기획서, 기획 스토리보드, 활용 우수사례\n\n※ 첨부파일 \'2020 식품안전나라 공공데이터 활용 공모전 제출서류\' 참조\n\n \n\n■ 문의처 : 식품안전정보원 정보서비스부 김민영 선임 연구원 (02-744-7649)\n',783,'co20.jpg'),(21,'2020 국제시민봉사회 Sci 신규 회원 모집','일반인','국제시민봉사회 Sci',NULL,'2020-03-17','2020-12-31','2020-08-03 02:45:50','다양한 혜택',NULL,'https://cafe.naver.com/scistudy','2020 국제시민봉사회 Sci 신규 회원 모집',2102,'co21.jpg'),(22,'[국가균형발전위원회] 2020 국가균형발전 대국민 아이디어 공모전','제한없음','국가균형발전위원회 / 한국생산성본부',NULL,'2020-07-17','2020-08-14','2020-08-03 04:04:21','1천만원이하','300만원','https://forms.gle/U17V1HQVbe9QUyv4A','\n[국가균형발전위원회] 2020 국가균형발전 대국민 아이디어 공모전\n\n■ 주최/주관\n- 주최: 국가균형발전위원회 / 주관: KPC 한국생산성본부\n\n■ 목적\n- 지역의 다양한 문제들을 해결할 수 있는 균형발전 정책 아이디어, 우수사례 등을 적극적으로 발굴하기 위해 체계적인 공모전 추진\n- 아이디어 공모전을 통한 대국민 정책 참여 유도 및 콘텐츠 발굴·확산으로 홍보효과 극대화\n\n■ 대상 : 균형발전 정책에 관심을 가진 대한민국 국민 누구나\n※ 개인 또는 팀(3인 이내), 팀당 1점, 내·외국인 불문\n\n■ 주제 : “새로운 지역, 미래를 만드는 사람들”\n① 균형발전 아이디어: 지역 현안에 대한 정책개선방안 아이디어 발굴\n② 균형발전 우수사례: 우리 지역을 바꾸는 균형발전 우수사례 발굴\n③ 지역혁신 과제발굴: 지역현안의 문제해결을 위한 과제도출\n\n■ 공모부문 : 영상 콘텐츠, 인포그래픽, 논문 등 자율형식 공모\n※ 영상, 공연, 발표 등 형식에 구애받지 않은 자유 형식\n- 영상 콘텐츠: 1280 * 720 픽셀 이상, 180초 이내(용량 500MB 이하)\n- 인포그래픽: 해상도 300dpi 이상, A3(가로 420mm * 세로 297mm) 사이즈\n- 논문(정책 제안): A4용지 10페이지 이내\n⇒ 공모 부문은 대상 및 구분 없이 참가팀 주제별(택1) 자율 제안방식\n\n■ 일정\n① 아이디어 접수 : ’20. 7. 17.(수) ~ ’20. 8. 14.(금)\n② 1차 심사 : ’20. 8. 15.(토) ~ 8. 19.(수)\n ※ 접수된 기획안으로 서류 심사\n③ 본선 참가팀 발표 : ’20. 8. 21(금) ～ 8. 25.(화) 中\n ※ 본선 참가팀 선정(단, 본선 참석 가능자에 한함)\n④ 본선 현장 발표 및 심사, 시상 : ’20. 9. 3.(목) ～ 9. 5.(토) 中\n ⇒ 2020 균형발전박람회(청주, 9.2～9.6)에서 현장 발표 및 시상 추진\n * 현장 발표 및 시상은 코로나 이슈로 일정, 장소가 변동될 수 있습니다.\n\n■ 참가 방법\n- 예선 서류 접수 : 참가신청서(별도양식) 및 발표기획안을 구글폼으로 접수\n ⇒ 구글폼: https://forms.gle/U17V1HQVbe9QUyv4A\n- 본선 현장 발표 : 본선 발표, 심사 및 시상은 2020 균형발전박람회 개최지인 청주에서 진행(상세 일정은 본선 발표 참가 확정자에 한해 별도공지)\n\n■ 시상규모 : 총 11편, 총 상금 1,000만원\n\n■ 시상내역\n- 주제 (택1) : 아이디어, 우수사례, 과제발굴\n- 대상(1팀) : 균형발전위원장 표창 및 상금 300만원\n- 최우수상(1팀) : 균형발전위원장 표창 및 상금 200만원\n- 우수상(1팀) : 균형발전위원장 표창 및 상금 100만원\n- 특별상(8팀) : 균형발전위원장 표창 및 상금 50만원\n\n■ 문의\n- 문의사항 : ☎ 070-5223-2971\n- 문의사항 이메일 : balance.go.idea@gmail.com\n',5147,'co22.jpg'),(23,'2020년 국민 생활문제 해결을 위한 솔‧직 챌린지','제한없음','과학기술정보통신부, 국민권익위원회, 정보통신산업진흥원',NULL,'2020-06-01','2020-08-14','2020-08-03 02:47:03','2억 3,000만 원','5,000만원','http://www.ictchallenge.kr/','2020년 국민 생활문제 해결을 위한 솔‧직 챌린지\n\n \n\n■ 공모개요 : VR•AR, AI 빅데이터, 모바일 앱 등 ICT 융합형 디지털 솔루션을 국민이 직접 개발 및 활용하여, 일상생활 불편이나 사회문제 해결 \n\n \n\n■ 참가자격 : 국민 누구나 (개인 또는 단체) \n\n※단체(팀)의 인원수 제한 없음\n\n \n\n■ 공모주제 : ICT로 대비하는 슬기로운 포스트코로나 생활 \n\n \n\n■ 공모분야\n\n1. 지정과제(3개 중 택1) \n\n ① 교육•육아 : 사회적 격리에 따른 교육•육아 부담을 줄이는 방법 \n\n  (예시) 언택트 시험•체험 학습 등 교육 지원 방법(교육), 맞벌이 가정과 재택근무자의 아이 돌봄 및 공동육아 서비스 활용 방법(육아) 등 \n\n ② 돌봄 : 취약가정, 노인, 장애인 등 소외계층의 생활을 돕는 방법\n\n  (예시) 취약계층에 생필품을 비대면으로 조달하는 방법(생계), 노인•장애인 등 취약계층을 위한 언택트 의료서비스 지원 방법(의료) 등\n\n ③ 생활•문화 : 언택트 환경에서 ICT로 문화, 여가생활을 즐기는 방법\n\n  (예시) 코로나19로 침체된 전통시장•골목상권 활성화 방법(시장), AR•VR을 이용한 가상 여행(문화), 재능기부와 공유를 통한 언택트 문화 형성(문화) 등 \n\n2. 자유과제 : 기타 포스트코로나 관련 이슈와 솔루션을 자유롭게 제안 \n\n※ 입상자•기업에 대해 디지털콘텐츠 관련 인큐베이팅 시설 입주기회 우선 제공, 지원사업 선정시 가산점 부여 등 특전 부여 *인큐베이팅 시설 : 디지털콘텐츠기업상장지원센터(안양), ICT•문화융합센터(판교) 등\n\n※ 시상내역은 변경될 수 있으며, 심사결과 적격응모작이 없을 경우 시상하지 않을 수 있음 \n\n \n\n■ : 접수기간 : 2020년 6월 1일 (월) ~ 2020년 8월 14일 (금) 17:00까지 \n\n \n\n■ 접수 방법 : 접수처 : 솔•직 챌린지 홈페이지( http://www.ictchallenge.kr/ )\n\n \n\n■ 신청 방법\n\n- 양식 다운로드(참가신청서, 솔루션 기획서) \n\n- 공모전 홈페이지에서 온라인 접수 및 제출\n\n \n\n■ 심사 방법 \n\n- 심사 기준 : 사회적 가치 및 효과성(40점), 창의성(30점), 기술성(30점)\n\n- 심사 방법 : 1차 서면평가 -> 2차 발표평가 \n\n※평가과정에서 개별통지를 할 수 있으므로 참가신청 시 연락처를 정확히 기재 \n\n- 최종 결과발표 : 2020년 9월 \n\n※상황에 따라 심사방법과 일정 등이 변경될 수 있음 \n\n \n\n■ 문의 사항 : \n\n- 정보통신산업진흥원 김자영 선임 : 043-931-5672 / jayoung.k@nipa.kr\n\n- 공모전 운영사무국 : 02-334-9044\n',14980,'co23.jpg'),(24,'제1회 코리아타임스 영어 프레젠테이션 대회','제한없음, 일반인, 대학생, 청소년, 기타','코리아타임스','ETS TOEFL, AMCHAM','2020-06-20','2020-08-09','2020-08-03 04:07:56','3천만원~1천만원','200만원','https://koreatimes.co.kr/www/nation/2020/06/780_291447.html','\n제1회 코리아타임스 영어 프레젠테이션 대회\n\n \n\n코리아타임스와 ETS코리아가 함께 제1회 영어 프레젠테이션 대회를 개최합니다. 본 대회는 발표 동영상 링크 제출로 참여가 가능합니다. 여러분의 많은 참여를 기다립니다.\n\n \n\n■ 접수 기간 : 2020. 6. 20 (토) - 8. 9 (일)\n\n \n\n■ 발표 주제\n\n- 중고생(개인 / 단체) - \"포스트 코로나 시대에 요구되는 인재상과 교육의 방향성\"\n\n- 대학(원)생일반 (개인 / 단체) - \"코로나가 국제 사회에 미치는 영향과 향후 대응 방안\"\n\n \n\n■ 지원 자격\n\n- 개인 및 단체(3인 이내)\n\n- 국내 학교에 재학 중인 중•고생\n\n- 대학(원)생 및 일반인\n\n* 영어를 모국어로 하는 국가는 참가자 대상국이 아님\n\n \n\n■ 심사 기준\n\n- 내용 전개 30점\n\n- 영어 전달력 30점\n\n- 영어 표현력 30점\n\n- 영상 완성도 30점\n\n* 가산점 +3점 (정규/모의 토플 모두 가능, 단 2년 이내 응시)\n\n \n\n■ 공모 일정\n\n- 접수 기간: 6월 20일 (토) ~ 7월 31일 (금)\n\n- 수상자 발표: 8월 중 예정\n\n- 시상식: 8월 27일 (목)\n\n* 코리아타임스 홈페이지에 수상자 발표 및 개별 통지\n\n* 코로나19로 인한 사회적 분위기에 따라 시상식 일정 변경 가능\n\n \n\n■ 시상 내역 (부문별 최우수상•우수상•장려상)\n\n- 중•고생 개인/단체 (각각) 150만원•100만원•50만원\n\n- 대학(원)생•일반 개인/단체 (각각) 200만원•150만원•100만원\n\n■ 상금 : 총 1500만원\n\n \n\n■ 수상자 혜택 \n\n※ 수상자는 코리아타임스, ETS Korea, 주한미국상공회의소(AMCHAM) 인턴 모집 시 우대\n\n \n\n■ 접수 방법\n\n발표 동영상(5분 이내 자유 양식) 유튜브 등 영상 플랫폼에 업로드\n\nQR코드 스캔 후 온라인 신청서 작성 또는 아래 링크 클릭 후 신청서 작성\n\nhttps://bit.ly/2AHS0QO\n\n \n\n■ 후원사 소개\n\nETS는 교육평가 서비스를 제공하는 비영리기관으로, 업계를 선도하는 전문성과 엄격한 품질 관리, 그리고 심도 있는 연구 결과를 바탕으로 교육 및 산업 현장의 의사결정을 지원합니다. ETS는 연간 5천만 건 이상의 시험을 전 세계 180개 이상의 국가에서 출제, 시행 및 채점합니다. http://www.ets.org\n\n \n\n■ 공모전에 관한 자세한 내용은 하단의 링크를 클릭하세요\n\n- https://koreatimes.co.kr/www/nation/2020/06/780_291447.html\n',11065,'co24.jpg'),(25,'2020 일본군 위안부 피해자 명예회복을 위한 학술심포지엄 공모전','일반인, 대학생, 청소년','일본군 \'위안부\' 역사관 / 경기도, 경기광주시청',NULL,'2020-05-25','2020-09-18','2020-08-03 02:49:17','1천만원이하','100만원','http://www.nanum.org/','2020 일본군 위안부 피해자 명예회복을 위한 학술심포지엄 공모전\n\n2020 지역문화예술 플랫폼 육성사업\n일본군‘위안부’피해자 명예회복을 위한 학술심포지엄\n\n■ 참가대상\n- 고등학생 이상 참가\n- 팀 또는 개인단위로 응모가능(한팀 당 최대 3인까지 가능)\n\n■ 논문주제\n- 주 제 : 제한없음\n- 예 시\n [일본군‘위안부’문제]\n  * 일본군‘위안부’피해자 명예회복 방안\n  * 일본군‘위안부’문제의 국제사회 인식\n [일본군‘위안부’피해자]\n  * 해방이후 일본군‘위안부’피해자의 귀환\n  * 해방이후 일본군‘위안부’피해자의 삶\n   : 일본군‘위안부’피해자 기억 및 기림 방안\n [일본군‘위안부’박물관]\n  * 일본군‘위안부’박물관의 피해자 전시 방향\n  * 각 나라별 일본군‘위안부’관련 박물관 및 전시 비교\n [기 타]\n  * 기타 일본군‘위안부’문제 및 피해자와 관련된 주제\n\n■ 논문제출형식\n- A4용지 15매 내외 분량으로 논문형식을 따름\n- 기준폰트 : 휴먼명조 12pt, 줄 간격 160%\n\n■ 접수 및 문의\n- 접수 방법\n 나눔의 집 홈페이지 모집요강 참조 후 E-mail로 접수\n  * 이 메 일 : nanum0064@naver.com\n- 문의처\n * 일본군 ‘위안부’ 역사관 : 031-768-0065\n\n■ 주요일정\n- 논문제출 기간 2020년 9월 18일 (금)\n- 논문심사 기간 2020년 10월 18일 (일)\n- 선정논문 발표 2020년 10월 21일 (수)\n- 학술대회 및 시상 2020년 11월 7일 (토)\n\n■ 시상내역\n- 일반부 : 최우수상 100만, 우수상 50만\n- 학생부 : 최우수상 100만, 우수상 50만\n※ 일반부 및 학생부 각 2팀 선정\n\n■ 주최\n- 일본군‘위안부’역사관\n\n■ 주관\n- 경기도, 경기광주시청\n\n■ 유의사항\n- 논문 제출 시, 개인정보 수집 및 이용 활용 동의서와 함께 이름, 연락처를 기재해야 함\n- 대필 및 표절 등의 저작권 위반에 관한 일체의 책임은 논문 제출자에게 있으며, 발견 시 수상을 취소함\n- 수상자는 학술대회에 반드시 참석해야 하며, 미 참석 혹은 종료 시까지 참석하지 않을 경우 수상이 취소됨\n- 적격 수상작이 없으면 시상하지 않을 수 있음\n- 선정된 논문은 학술지에 게재됨\n',20046,'co25.jpg'),(26,'제8회 국민연금 연구과제 대(對) 국민 공모전','제한없음','국민연금연구원',NULL,'2020-03-12','2020-08-31','2020-08-03 04:12:37','상품증정',NULL,'https://institute.nps.or.kr/jsppage/research/intro/topic_02.jsp','\n제8회 국민연금 연구과제 대(對) 국민 공모전\n\n국민연금제도 발전에 기여할 수 있는 수요자 중심의 창의적이고 시의성 있는 연구과제 발굴 및 연금연구관련 연구과제 제안 활성화를 위해 「제8회 국민연금 연구과제 대(對) 국민 공모전」을 아래와 같이 개최하오니, 관심 있는 분들의 많은 참여 바랍니다. \n\n■ 응모자격\n- 국민연금제도에 관심이 있는 대한민국 국민 누구나\n\n■ 응모분야\n- 연금제도 발전에 기여할 수 있는 창의적이고 시의성 있는 연구과제\n\n<주요 제안분야 >\n ① 연금제도연구 : 연금제도 관련 정책, 연금재정안정화, 노후소득보장제도 개선 등\n ② 재정추계분석 : 중·장기 재정추계, 연금수리 모형개발, 거시경제 가정변수 전망관련 연구 \n ③ 기금정책분석 : 중·장기 기금운용 정책개발, 전략적 자산배분, 성과평가시스템 개선 연구 등\n\n■ 응모방법 및 접수기간\n-응모 : 국민연금연구원 홈페이지 연구과제 제안 코너* 활용\n * 국민연금연구원 홈페이지 → 연구원 소개 → 연구추진과제 → 연구과제 제안\n- 연구과제 제안서 작성방법\n * 연구과제명(50자 이내), 현 실태 및 문제점(100자 이내), 연구과제 선정의 필요성(200자 이내), 연구 추진방향(300자 이내)\n- 접수기간 : ~ 2020. 8. 31.(월)\n\n■ 연구과제 제안자 포상\n- 포상대상자로 선정된 제안자(5명 이내)에게는 10만원 상당의 기념품 지급\n * 포상대상자 외 모든 제안자에게는 소정의 기념품 제공\n\n■ 공모전 일정\n- 연구과제 접수 : ∼ 2020. 8. 31. \n- 제안과제 심사 : ∼ 2020. 9. 17. \n- 결과발표 및 포상 : 2020. 9월 말 경\n * 수상자 개별 통지 및 국민연금연구원 홈페이지 공고\n  ※ 상기 일정은 사정에 따라 조정될 수 있음\n\n■ 유의사항\n- 연구과제 제안으로 볼 수 없는 사항(기각)\n * 일반적으로 공지되었거나 사용 또는 이용되고 있는 것\n * 일반 통념상 실제로 그 적용이 불가능하다고 판단되는 것\n * 단순히 주의환기, 진정, 비판 또는 불만의 표시에 불과한 것\n * 기타 연구과제 제안으로 보기 어려운 것\n\n■ 문의\n- 연구과제 응모 관련 문의처: 국민연금연구원 연구지원부(☎ 063-713-6767)\n',28075,'co26.jpg'),(27,'2020 홍성군 문화·관광 유튜브 공모전','제한없음','충청남도, 홍성군, 홍성군 문화특화사업단',NULL,'2020-08-24','2020-08-31','2020-08-03 02:51:40','1천만원이하','200만원','https://blog.naver.com/hcc3355/222031611647','2020 홍성군 문화·관광 유튜브 공모전\n\n \n\n홍성군의 아름다운 역사, 문화, 예술, 관광자원을 통한 ‘문화도시 홍성’이미지 영상를 찾기 위한 유튜브 공모전을 개최합니다. \n\n많은 관심과 지원바랍니다. \n\n \n\n■ 공모주제 : 홍성군의 역사·문화·인물·자연·마을·관광(1253) 등 홍성의 정체성을 담고 있는 영상\n\n \n\n■ 접수기간 : 2020. 08. 24.(월) ~ 08. 31.(월) 18:00까지 도착분\n\n \n\n■ 접수방법 : 본인 계정 유튜브 업로드 → 참가신청서 등 이메일 제출\n\n \n\n■ 공모대상 : 개인 또는 단체 참여 가능(전국)\n\n \n\n■ 출 품 수 : 개인 및 팀당 2편 이내\n\n \n\n■ 공모방식\n\n- 출품작은 직접 찍은 영상\n\n- 출품작은 어디에도 발표되지 않은 신작 영상 \n\n \n\n■ 접수방법 : 본인 계정 유튜브 업로드 → 참가신청서 등 이메일 제출\n\n(신청서) 홍성군청 홈페이지, 홍성군 문화특화사업단 블로그 다운로드 \n\n(신청서접수) hcc3355@naver.com / 08. 31.(월) 18시’까지 도착분\n\n ※ 신청서 및 메일 제목 : ‘2020 유튜브공모 신청서_신청자’ \n\n(영상) 본인 계정 유튜브 전체공개 업로드\n\n ※ 업로드 시 제목 : ‘2020 홍성군 유튜브공모_제목’\n\n * 해시태그 필수 - #홍성군문화특화사업단 #문화도시홍성 #홍성군 #홍성군유튜브공모전 \n\n \n\n■ 출품규격\n\n- 해상도 : 1920x1080(pixel) 이상 권장\n\n- 분  량 : 2분~5분 내외\n\n- 파일형태 : avi, wmv, mp4 등의 고화질 영상\n\n- 영상카메라·스마트폰으로 촬영된 동영상 파일\n\n- APP, PC 등을 통한 후반작업 가능 (플래시, 모션그래픽 등)\n\n \n\n■ 시상내역\n\n- 대상 : 1명(200만원) 상장\n\n- 금상\n\n * 일반부 : 1명(각100만원) 상장\n\n * 학생부 : 1명(각100만원) 상장\n\n- 은상\n\n * 일반부 : 2명(각50만원) 상장\n\n * 학생부 : 2명(각50만원) 상장\n\n- 동상\n\n * 일반부 : 5명(각30만원)\n\n * 학생부 : 5(명) 각30만원\n\n※ 훈격 : 대상(홍성군수), 금상(일반부-홍성군의회의장 / 학생부-홍성교육장), 은상(홍성군 문화특화사업단장)\n\n \n\n■ 문의\n\n- 홍성군 문화특화사업단(☏ 041-635-0631, hcc3355@naver.com)\n',2369,'co27.jpg'),(29,'유안타증권 제2회 사계 공모전','제한없음','유안타증권',NULL,'2020-07-06','2020-07-24','2020-08-03 02:53:54','1천만원이하','20만원','https://blog.naver.com/tysmyasset/222019975610','유안타증권 제2회 사계 공모전\n\n \n\n계절마다 준비한 유안타증권 <사계>공모전!\n\n‘여름’을 주제로 시를 지어주세요. \n\n \n\n■ 기간\n\n- 공모전 기간 : 2020. 7. 6(월) ~ 24(금)\n\n- 당첨자 발표 : 2020. 8. 7(금), 유안타증권 블로그 및 페이스북 \n\n \n\n■ 참여 방법\n\n(1) 주제 : 여름과 관련된 주제\n\n(2) 신청서 다운로드 ( https://blog.naver.com/tysmyasset/222019975610 )\n\n(3) 메일 접수 : event@morucompany.com \n\n※ 메일 제목 : [유안타증권 2회 사계공모전 참여] 이름\n\n \n\n■ 수상\n\n- 장원 : 신세계 상품권 20만원 (1명) \n\n- 우수 : 신세계 상품권 10만원 (1명)\n\n- 장려 : 신세계 상품권 5만원 (4명)\n\n \n\n■ 유의사항\n\n※ 당첨된 시는 향후 유안타증권에서 마케팅 목적으로 활용될 수 있습니다. \n\n※ 순수 창작 시가 아닐 경우, 당첨 취소와 더불어 작성자에게 책임이 있습니다. ',11794,'co29.jpg'),(31,'한국동서발전 2020 재무실적 개선 아이디어 공모전 (아이디어, 디자인, 슬로건 공모전)','제한없음','한국동서발전',NULL,'2020-07-13','2020-07-26','2020-08-03 02:57:44','1천만원이하','100만원','https://ewp.co.kr/kor/subpage/contents.asp?cn=V6V25JGP&ln=TBXZM2LI&sb=J0UTZYGS&tb=6DP9QZA','수익은 올리Go! 비용은 내리Go! 성과는 누리Go! 재무실적 개선 아이디어 등 공모전\n\n \n\n■ 주제 : 재무실적 개선(수익 증대, 비용 절감) 아이디어, 포스터, 슬로건\n\n \n\n■ 분야 : 재무실적 개선이 가능한 全 분야\n\n- 아이디어 : 수익 증대, 예산 절감, 예산 낭비 방지 등 재무실적을 개선할 수 있는 아이디어 또는 사례\n\n- 포스터 : 재무실적 개선에 대한 공감대를 형성할 수 있는 내용(순수 창작/패러디 가능, A3/A2 사이즈, PDF/JPEG)\n\n- 슬로건 : 재무실적 개선에 대한 공감대를 형성할 수 있는 내용\n\n \n\n■ 공모 대상 : 대한민국 국민 누구나 참여 가능\n\n \n\n■ 공모 일정 : `20.7.13(월) ~ `20.7.26(일) [2주간]\n\n \n\n■ 응모 방법 : 이메일(ljh5908@ewp.co.kr) 제출\n\n- 제출자료 : 응모 서식, 참가신청서 및 개인정보제공동의서(서명 후 스캔파일)\n\n \n\n■ 유의사항 : 분야별 중복 응모 가능, 1인당 분야별 최대 1건 응모 가능\n\n- 1인이 아이디어 1건, 슬로건 1건, 포스터 1건 제출 : O\n\n- 1인이 슬로건 2건 제출 : X\n\n \n\n■ 심사방안\n\n- 아이디어 : 예상효과(30), 실현가능성(30), 창의성(20), 파급효과(20)\n\n- 포스터, 슬로건 : 창의성(30), 주제 적합성(30), 주제 전달력(30), 완성도(10)\n\n- 심사 일정 : 7.27(월) ~ 7.31(금)\n\n- 최종 결과 발표 : 8월 예상\n\n \n\n■ 시상\n\n- 아이디어 : 대상 1명(100만원), 최우수 2명(각 50만원), 우수 5명(각 10만원)\n\n- 포스터 : 대상 1명(30만원), 최우수 2명(각 15만원), 우수 5명(각 5만원)\n\n- 슬로건 : 대상 1명(20만원), 최우수 2명(각 10만원), 우수 5명(각 3만원)\n\n- 참여상 : 참가자 중 무작위 추첨으로 20명 각 1만원 이내 상품 지급\n\n* 공모작이 심사기준에 미달할 경우 인원 및 포상 변경 가능\n\n \n\n■ 문의사항 : 기획본부 기획처 재무부(070-5000-1157)',4374,'co31.jpg'),(33,'2020 삼화페인트와 함께하는 캔 업사이클 프로젝트 공모전','대학생','삼화페인트',NULL,'2020-06-30','2020-07-26','2020-08-03 03:02:11','1천만원이하','150만원','https://bit.ly/38airKX','2020 삼화페인트와 함께하는 캔 업사이클 프로젝트 공모전\n\n■ 개최 취지 및 목적\n- 삼화페인트의 사용한 캔을 친환경적인 디자인을 가미하여 새로운 용도의 예술성과 심미성, 기능성을 두루 갖춘 제품/조형물 등으로 재 탄생시켜 환경 보호 실현\n\n■ 공모 주제\n1) 삼화페인트와 함께하는 캔 업사이클 프로젝트\n\n■ 공모전 상세 내역\n1) 공모내용: 삼화페인트 캔을 활용한 다양하고 자유로운 업사이클 제품 및 디자인 공모\n ① 사용한 페인트 캔을 이용해 실생활에서 활용할 수 있는 다양한 생활용품으로 업사이클\n ② 페인트 캔 활용한 디자인, 조형물 등, 실물 제출 가능 범위 내에서의 자유 양식\n\n■ 참가 자격\n1) 업사이클을 통해 제품화 및 디자인에 관심 있는 대학생 및 대학원생\n2) 업사이클에 관심이 많은 일반인\n3) 개인 또는 4인 이내의 구성된 팀\n\n■ 공모 일정\n1) 서류 접수 및 디자인 파일 제출일: 2020.06.30~07.27\n2) 최종심사: 2020.08.06 당사 홈페이지 및 SNS 채널 통해 발표\n3) 시상식: 일정 추후 개별 통지\n4) 사진 파일 제출 必\n\n■ 심사 기준\n1) 내부 심사의원 심사  \n ① 시제품성 및 조형성 40%\n ② 취지 부합성 30%\n ③ 독창성 30%\n2) SNS 가점\n ① 당사 온라인 채널을 통한 투표 (2020.07.29~08.02)\n\n■ 참가 자격\n1) 업사이클링을 통한 제품화 및 디자인에 관심 있는 대학생 및 대학원생\n2) 개인 또는 4인 이내로 구성된 팀\n\n■ 시상 내역\n- 대상(1점) : 150만원\n- 우수상(1점) : 100만원\n- 장려상(3점) : 각 50만원\n※ 접수 및 심사 결과에 따라 당선작 규모와 포상 내용 조정 가능\n *사전 기재함\n\n■ 제출 서류\n1) 참가신청서 및 동의서 다운로드: https://bit.ly/38airKX\n2) 디자인 설명서: 자유양식_제작의도, 제작방법, 기타 사항\n3) 디자인 작품 이비지 파일: 판넬 1장 내외_A2 사이즈, 300dpi, PDF 파일\n\n■ 접수 방법\n1) 이메일 접수: jooyun@samhwa.com (제목: 캔업사이클 공모전 신청)\n2) 접수 마감일 18시 이내 접수 분까지만 인정\n3) 문의: 02-708-7156  \n\n■ 유의 사항\n1) 아이디어 모방 및 도용 작품은 제출 불가\n2) 시상금 지급 시, 제세공과금은 수상팀 및 수상자 본인 부담 원칙으로 함\n3) 공모전과 관련 된 수상팀 및 수상자의 이름, 아이디어 및 디자인 등과 관련 된 내용은 매체 등을 통해 공표할 수 있음\n4) 선정된 디자인은 삼화페인트 본사 전시\n5) 선정 작품 한해 실사 제출 필요하며, 수상작의 경우 삼화페인트공업㈜에 권리 양도 있음\n6) 삼화페인트 캔 사용 必\n',11669,'co33.jpg'),(35,'2020 제8회 서울상징 관광기념품 공모전','제한없음','서울특별시 / (주)디노마드',NULL,'2020-07-01','2020-07-12','2020-08-03 03:03:39','5천만원이상','2,000만원','https://c11.kr/seoulsouvenirs','2020 제8회 서울상징 관광기념품 공모전\n\n \n\n■ 공모 주제 : 자유주제 및 지정주제(서울시 오래가게 사업 홍보를 위한 기념품)\n\n \n\n■ 참가 자격 : 개인 및 사업체\n\n \n\n■ 수상 특전 : 8천만원 상당 수상작 매입, 상품·디자인·지적재산권 분야 연사 강연 및 컨설팅 제공, 판로지원 등\n\n \n\n■ 접수 기간\n\n- (서류접수) 7. 1(수)~7.12(일) 23:59까지 이메일 제출(seoulsouvenirs@gmail.com)\n\n- (현장접수) 7.15(수)~7.16(목)10:00~17:00 (장소 추후공지)\n\n \n\n■ 공모 주제\n\n- 자유주제 : 서울을 상징하는 역사, 산업, 문화, 생활 기반 시설 등\n\n- 지정주제 : 서울시 “오래가게” 사업 홍보를 위한 기념품\n\n \n\n■ 공모 부문\n\n- 제 품\n\n * 국내·외 관광객을 대상으로 판매할 수 있고, 계속 생산 및 양산 가능한 제품\n\n  (※ 문구, 생활용품, 패션잡화, 디지털전자 등 시판 가능한 실제 제품 또는 샘플)\n\n- 이미지\n\n * 관광기념품으로 제품화가 가능한 아이디어 이미지\n\n  (※ 일러스트, 디자인, 캐릭터 등의 이미지 + 제품화 예시 목업 이미지 3종)\n\n \n\n■ 참가 자격 : 개인 및 사업체\n\n※ 사업체 : 대표자가 대한민국 국적을 지니고 접수마감일까지 대한민국을 소재로 사업자 등록을 완료한 기업\n\n \n\n■ 접수 방법 : 온라인 서류접수 후 작품 실물 현장접수\n\n- 서류접수 : 2020. 7. 12.(일) 23:59까지 이메일 제출(seoulsouvenirs@gmail.com)\n\n- 실물접수 : 2020. 7. 15.(수) ~ 7. 16.(목) 10:00-17:00 (양일 간) 현장 도착분에 한함\n\n * 접수장소 : 추후 공지\n\n \n\n■ 시상내역\n\n- 대 상(제품 1) : 20,000천원 상당 수상작 매입\n\n- 금 상(제품 2, 이미지 1) : 10,000천원 상당 수상작 매입\n\n- 은 상(제품 3, 이미지 2) : 4,000천원 상당 수상작 매입\n\n- 동 상(제품 4, 이미지 3) : 2,000천원 상당 수상작 매입\n\n- 아이디어상(제품 10, 이미지 10)\n\n- 시민인기상(제품 10, 이미지 10)\n\n \n\n■  문의 : 02-337-2586\n',10748,'co35.jpg');
/*!40000 ALTER TABLE `contest_info` ENABLE KEYS */;
UNLOCK TABLES;

--
-- Table structure for table `find_team_board`
--

DROP TABLE IF EXISTS `find_team_board`;
/*!40101 SET @saved_cs_client     = @@character_set_client */;
/*!50503 SET character_set_client = utf8mb4 */;
CREATE TABLE `find_team_board` (
  `username` varchar(50) NOT NULL,
  `post_no` int NOT NULL AUTO_INCREMENT,
  `title` varchar(128) NOT NULL,
  `content` varchar(2048) NOT NULL,
  `member_max` int NOT NULL,
  `member_cur` int NOT NULL,
  `regist_time` datetime NOT NULL DEFAULT CURRENT_TIMESTAMP,
  `contest_no` int NOT NULL,
  `team_id` varchar(45) NOT NULL,
  PRIMARY KEY (`post_no`),
  UNIQUE KEY `team_id_idx` (`team_id`),
  KEY `userinfo_fk_idx` (`username`),
  KEY `contest_no_fk_idx` (`contest_no`),
  CONSTRAINT `contest_find_no_fk` FOREIGN KEY (`contest_no`) REFERENCES `contest_info` (`contest_no`) ON DELETE CASCADE ON UPDATE CASCADE,
  CONSTRAINT `userinfo_fk` FOREIGN KEY (`username`) REFERENCES `user_info` (`username`) ON DELETE CASCADE
) ENGINE=InnoDB AUTO_INCREMENT=3 DEFAULT CHARSET=utf8mb4 COLLATE=utf8mb4_0900_ai_ci;
/*!40101 SET character_set_client = @saved_cs_client */;

--
-- Dumping data for table `find_team_board`
--

LOCK TABLES `find_team_board` WRITE;
/*!40000 ALTER TABLE `find_team_board` DISABLE KEYS */;
INSERT INTO `find_team_board` VALUES ('gang123@gmail.com',1,'알고리즘 대회 나가실 팀원 모집합니다. 강남근처모임 환영','8월 예선전까지 같이 모임에서 알고리즘 문제 풀고 코드리뷰 합니다. \n실제 팀으로 나가는 것은 아니지만 팀처럼 대회준비 하실 분들 구합니다. \n강남인근 지역사시는 분들 환영',4,3,'2020-07-20 11:08:40',1,'gang123@gmail.com_1');
/*!40000 ALTER TABLE `find_team_board` ENABLE KEYS */;
UNLOCK TABLES;

--
-- Table structure for table `interest_field`
--

DROP TABLE IF EXISTS `interest_field`;
/*!40101 SET @saved_cs_client     = @@character_set_client */;
/*!50503 SET character_set_client = utf8mb4 */;
CREATE TABLE `interest_field` (
  `no` int NOT NULL,
  `field` varchar(20) NOT NULL,
  KEY `interest_field_fk_idx` (`no`),
  CONSTRAINT `interest_field_fk` FOREIGN KEY (`no`) REFERENCES `user_info` (`no`) ON DELETE CASCADE ON UPDATE CASCADE
) ENGINE=InnoDB DEFAULT CHARSET=utf8mb4 COLLATE=utf8mb4_0900_ai_ci;
/*!40101 SET character_set_client = @saved_cs_client */;

--
-- Dumping data for table `interest_field`
--

LOCK TABLES `interest_field` WRITE;
/*!40000 ALTER TABLE `interest_field` DISABLE KEYS */;
INSERT INTO `interest_field` VALUES (19,'웹-모바일-플래시'),(19,'과학-공학'),(19,'해외'),(20,'해외'),(20,'기획-아이디어'),(20,'건축-건설-인테리어'),(21,'문학-글-시나리오'),(21,'웹-모바일-플래시'),(21,'대외활동-서포터즈'),(22,'기타'),(22,'디자인-캐릭터-웹툰'),(22,'예체능-미술-음악'),(23,'과학-공학'),(23,'논문-리포트'),(23,'해외'),(24,'웹-모바일-플래시'),(24,'문학-글-시나리오'),(24,'게임-소프트웨어'),(25,'대외활동-서포터즈'),(25,'해외'),(25,'광고-마케팅'),(26,'예체능-미술-음악'),(26,'예체능-미술-음악'),(26,'봉사활동'),(27,'디자인-캐릭터-웹툰'),(27,'영상-UCC-사진'),(27,'기타'),(28,'디자인-캐릭터-웹툰'),(28,'디자인-캐릭터-웹툰'),(28,'기타'),(29,'대외활동-서포터즈'),(29,'봉사활동'),(29,'해외'),(30,'기타'),(30,'취업-창업'),(30,'광고-마케팅'),(31,'취업-창업'),(31,'게임-소프트웨어'),(31,'과학-공학'),(32,'영상-UCC-사진'),(32,'과학-공학'),(32,'광고-마케팅'),(33,'디자인-캐릭터-웹툰'),(33,'예체능-미술-음악'),(33,'논문-리포트'),(34,'봉사활동'),(34,'영상-UCC-사진'),(34,'네이밍-슬로건'),(35,'봉사활동'),(35,'건축-건설-인테리어'),(35,'기타'),(36,'게임-소프트웨어'),(36,'예체능-미술-음악'),(36,'기획-아이디어'),(37,'건축-건설-인테리어'),(37,'대외활동-서포터즈'),(37,'예체능-미술-음악'),(38,'광고-마케팅'),(38,'과학-공학'),(38,'네이밍-슬로건'),(39,'건축-건설-인테리어'),(39,'디자인-캐릭터-웹툰'),(39,'기획-아이디어'),(40,'게임-소프트웨어'),(40,'대외활동-서포터즈'),(40,'기획-아이디어'),(41,'디자인-캐릭터-웹툰'),(41,'봉사활동'),(41,'게임-소프트웨어'),(42,'논문-리포트'),(42,'광고-마케팅'),(42,'봉사활동'),(43,'디자인-캐릭터-웹툰'),(43,'웹-모바일-플래시'),(43,'네이밍-슬로건'),(44,'기타'),(44,'기획-아이디어'),(44,'기타'),(45,'취업-창업'),(45,'논문-리포트'),(45,'기타'),(46,'게임-소프트웨어'),(46,'해외'),(46,'논문-리포트'),(47,'웹-모바일-플래시'),(47,'논문-리포트'),(47,'기획-아이디어'),(48,'기타'),(48,'논문-리포트'),(48,'기타'),(49,'광고-마케팅'),(49,'웹-모바일-플래시'),(49,'취업-창업'),(50,'예체능-미술-음악'),(50,'과학-공학'),(50,'기타'),(51,'기타'),(51,'봉사활동'),(51,'네이밍-슬로건'),(52,'건축-건설-인테리어'),(52,'대외활동-서포터즈'),(52,'디자인-캐릭터-웹툰'),(53,'논문-리포트'),(53,'네이밍-슬로건'),(53,'과학-공학'),(54,'논문-리포트'),(54,'네이밍-슬로건'),(54,'봉사활동'),(55,'네이밍-슬로건'),(55,'기획-아이디어'),(55,'과학-공학'),(56,'문학-글-시나리오'),(56,'네이밍-슬로건'),(56,'광고-마케팅'),(57,'게임-소프트웨어'),(57,'기타'),(57,'대외활동-서포터즈'),(58,'과학-공학'),(58,'네이밍-슬로건'),(58,'네이밍-슬로건'),(59,'네이밍-슬로건'),(59,'기획-아이디어'),(59,'게임-소프트웨어'),(60,'과학-공학'),(60,'취업-창업'),(60,'봉사활동'),(61,'예체능-미술-음악'),(61,'해외'),(61,'취업-창업'),(62,'대외활동-서포터즈'),(62,'웹-모바일-플래시'),(62,'해외'),(63,'문학-글-시나리오'),(63,'영상-UCC-사진'),(63,'해외'),(64,'과학-공학'),(64,'대외활동-서포터즈'),(64,'해외'),(65,'기타'),(65,'영상-UCC-사진'),(65,'영상-UCC-사진'),(66,'봉사활동'),(66,'취업-창업'),(66,'해외'),(67,'봉사활동'),(67,'건축-건설-인테리어'),(67,'디자인-캐릭터-웹툰'),(68,'예체능-미술-음악'),(68,'과학-공학'),(68,'해외'),(69,'과학-공학'),(69,'네이밍-슬로건'),(69,'과학-공학'),(70,'게임-소프트웨어'),(70,'건축-건설-인테리어'),(70,'봉사활동'),(71,'대외활동-서포터즈'),(71,'광고-마케팅'),(71,'해외'),(72,'영상-UCC-사진'),(72,'기타'),(72,'디자인-캐릭터-웹툰'),(73,'기획-아이디어'),(73,'봉사활동'),(73,'취업-창업'),(74,'문학-글-시나리오'),(74,'디자인-캐릭터-웹툰'),(74,'건축-건설-인테리어'),(75,'논문-리포트'),(75,'웹-모바일-플래시'),(75,'네이밍-슬로건'),(76,'기획-아이디어'),(76,'봉사활동'),(76,'게임-소프트웨어'),(77,'웹-모바일-플래시'),(77,'논문-리포트'),(77,'대외활동-서포터즈'),(78,'해외'),(78,'대외활동-서포터즈'),(78,'과학-공학'),(79,'해외'),(79,'봉사활동'),(79,'기획-아이디어'),(80,'해외'),(80,'대외활동-서포터즈'),(80,'논문-리포트'),(81,'문학-글-시나리오'),(81,'해외'),(81,'기획-아이디어'),(82,'영상-UCC-사진'),(82,'디자인-캐릭터-웹툰'),(82,'네이밍-슬로건'),(83,'논문-리포트'),(83,'예체능-미술-음악'),(83,'기획-아이디어'),(84,'논문-리포트'),(84,'과학-공학'),(84,'예체능-미술-음악'),(85,'논문-리포트'),(85,'게임-소프트웨어'),(85,'디자인-캐릭터-웹툰'),(86,'논문-리포트'),(86,'대외활동-서포터즈'),(86,'게임-소프트웨어'),(87,'게임-소프트웨어'),(87,'게임-소프트웨어'),(87,'봉사활동'),(88,'해외'),(88,'문학-글-시나리오'),(88,'과학-공학'),(89,'광고-마케팅'),(89,'대외활동-서포터즈'),(89,'기획-아이디어'),(90,'게임-소프트웨어'),(90,'광고-마케팅'),(90,'네이밍-슬로건'),(91,'영상-UCC-사진'),(91,'기획-아이디어'),(91,'기타'),(92,'대외활동-서포터즈'),(92,'문학-글-시나리오'),(92,'취업-창업'),(93,'예체능-미술-음악'),(93,'문학-글-시나리오'),(93,'네이밍-슬로건'),(94,'대외활동-서포터즈'),(94,'네이밍-슬로건'),(94,'해외'),(95,'광고-마케팅'),(95,'논문-리포트'),(95,'예체능-미술-음악'),(96,'디자인-캐릭터-웹툰'),(96,'기획-아이디어'),(96,'기획-아이디어'),(97,'봉사활동'),(97,'문학-글-시나리오'),(97,'네이밍-슬로건'),(98,'영상-UCC-사진'),(98,'과학-공학'),(98,'취업-창업'),(99,'기획-아이디어'),(99,'해외'),(99,'봉사활동'),(100,'문학-글-시나리오'),(100,'논문-리포트'),(100,'웹-모바일-플래시'),(101,'논문-리포트'),(101,'봉사활동'),(101,'영상-UCC-사진'),(102,'기타'),(102,'문학-글-시나리오'),(102,'건축-건설-인테리어'),(103,'네이밍-슬로건'),(103,'건축-건설-인테리어'),(103,'봉사활동'),(104,'취업-창업'),(104,'디자인-캐릭터-웹툰'),(104,'광고-마케팅'),(105,'취업-창업'),(105,'문학-글-시나리오'),(105,'네이밍-슬로건'),(106,'기획-아이디어'),(106,'웹-모바일-플래시'),(106,'해외'),(107,'문학-글-시나리오'),(107,'취업-창업'),(107,'과학-공학'),(108,'기획-아이디어'),(108,'네이밍-슬로건'),(108,'디자인-캐릭터-웹툰'),(109,'과학-공학'),(109,'예체능-미술-음악'),(109,'논문-리포트'),(110,'광고-마케팅'),(110,'네이밍-슬로건'),(110,'건축-건설-인테리어'),(111,'봉사활동'),(111,'웹-모바일-플래시'),(111,'과학-공학'),(112,'네이밍-슬로건'),(112,'네이밍-슬로건'),(112,'논문-리포트'),(113,'과학-공학'),(113,'웹-모바일-플래시'),(113,'기획-아이디어'),(114,'네이밍-슬로건'),(114,'예체능-미술-음악'),(114,'광고-마케팅'),(115,'취업-창업'),(115,'봉사활동'),(115,'디자인-캐릭터-웹툰'),(116,'과학-공학'),(116,'네이밍-슬로건'),(116,'기타'),(117,'웹-모바일-플래시'),(117,'해외'),(117,'논문-리포트'),(118,'광고-마케팅'),(118,'광고-마케팅'),(118,'취업-창업'),(1,'해외'),(2,'과학-공학'),(4,'과학-공학'),(3,'기획-아이디어'),(5,'네이밍-슬로건'),(6,'게임-소프트웨어'),(7,'취업-창업'),(8,'봉사활동'),(9,'과학-공학'),(10,'디자인-캐릭터-웹툰'),(11,'영상-UCC-사진'),(12,'논문-리포트'),(13,'과학-공학'),(14,'기타'),(15,'봉사활동'),(16,'해외'),(17,'웹-모바일-플래시'),(18,'건축-건설-인테리어');
/*!40000 ALTER TABLE `interest_field` ENABLE KEYS */;
UNLOCK TABLES;

--
-- Table structure for table `send_message`
--

DROP TABLE IF EXISTS `send_message`;
/*!40101 SET @saved_cs_client     = @@character_set_client */;
/*!50503 SET character_set_client = utf8mb4 */;
CREATE TABLE `send_message` (
  `no` int NOT NULL AUTO_INCREMENT,
  `contents` varchar(256) NOT NULL,
  `receiver` varchar(50) NOT NULL,
  `sender` varchar(50) NOT NULL,
  `reading` tinyint DEFAULT '0',
  PRIMARY KEY (`no`)
) ENGINE=InnoDB DEFAULT CHARSET=utf8;
/*!40101 SET character_set_client = @saved_cs_client */;

--
-- Dumping data for table `send_message`
--

LOCK TABLES `send_message` WRITE;
/*!40000 ALTER TABLE `send_message` DISABLE KEYS */;
/*!40000 ALTER TABLE `send_message` ENABLE KEYS */;
UNLOCK TABLES;

--
-- Table structure for table `team_approval`
--

DROP TABLE IF EXISTS `team_approval`;
/*!40101 SET @saved_cs_client     = @@character_set_client */;
/*!50503 SET character_set_client = utf8mb4 */;
CREATE TABLE `team_approval` (
  `team_id` varchar(50) NOT NULL,
  `leader_username` varchar(50) NOT NULL,
  `member_username` varchar(50) NOT NULL,
  `approval_flag` tinyint NOT NULL DEFAULT '0',
  KEY `leader_fk_idx` (`leader_username`),
  KEY `member_fk_idx` (`member_username`),
  KEY `team_id_fk_idx` (`team_id`),
  CONSTRAINT `leader_fk` FOREIGN KEY (`leader_username`) REFERENCES `user_info` (`username`) ON DELETE CASCADE,
  CONSTRAINT `member_fk` FOREIGN KEY (`member_username`) REFERENCES `user_info` (`username`) ON DELETE CASCADE,
  CONSTRAINT `team_id_fk` FOREIGN KEY (`team_id`) REFERENCES `find_team_board` (`team_id`) ON DELETE CASCADE
) ENGINE=InnoDB DEFAULT CHARSET=utf8mb4 COLLATE=utf8mb4_0900_ai_ci;
/*!40101 SET character_set_client = @saved_cs_client */;

--
-- Dumping data for table `team_approval`
--

LOCK TABLES `team_approval` WRITE;
/*!40000 ALTER TABLE `team_approval` DISABLE KEYS */;
INSERT INTO `team_approval` VALUES ('gang123@gmail.com_1','gang123@gmail.com','multi@gmail.com',1),('gang123@gmail.com_1','gang123@gmail.com','ssafy@gmail.com',1);
/*!40000 ALTER TABLE `team_approval` ENABLE KEYS */;
UNLOCK TABLES;

--
-- Table structure for table `user`
--

DROP TABLE IF EXISTS `user`;
/*!40101 SET @saved_cs_client     = @@character_set_client */;
/*!50503 SET character_set_client = utf8mb4 */;
CREATE TABLE `user` (
  `uid` char(8) NOT NULL,
  `email` varchar(128) DEFAULT NULL,
  `password` varchar(128) DEFAULT NULL,
  `create_date` datetime DEFAULT CURRENT_TIMESTAMP,
  PRIMARY KEY (`uid`),
  UNIQUE KEY `user_idx_unique_email` (`email`)
) ENGINE=InnoDB DEFAULT CHARSET=utf8;
/*!40101 SET character_set_client = @saved_cs_client */;

--
-- Dumping data for table `user`
--

LOCK TABLES `user` WRITE;
/*!40000 ALTER TABLE `user` DISABLE KEYS */;
/*!40000 ALTER TABLE `user` ENABLE KEYS */;
UNLOCK TABLES;

--
-- Table structure for table `user_info`
--

DROP TABLE IF EXISTS `user_info`;
/*!40101 SET @saved_cs_client     = @@character_set_client */;
/*!50503 SET character_set_client = utf8mb4 */;
CREATE TABLE `user_info` (
  `username` varchar(50) NOT NULL,
  `password` varchar(100) NOT NULL,
  `nickname` varchar(20) NOT NULL,
  `profile_img` varchar(100) DEFAULT NULL,
  `self_introduction` varchar(300) CHARACTER SET utf8 COLLATE utf8_general_ci DEFAULT NULL,
  `name` varchar(10) DEFAULT NULL,
  `phone` varchar(20) DEFAULT NULL,
  `birthday` date DEFAULT NULL,
  `authority` varchar(20) NOT NULL DEFAULT 'user_role',
  `no` int NOT NULL AUTO_INCREMENT,
  `age` int DEFAULT NULL,
  `address` varchar(128) DEFAULT NULL,
  `major` varchar(32) DEFAULT NULL,
  PRIMARY KEY (`no`),
  UNIQUE KEY `username_UNIQUE` (`username`)
) ENGINE=InnoDB AUTO_INCREMENT=123 DEFAULT CHARSET=utf8mb4 COLLATE=utf8mb4_0900_ai_ci;
/*!40101 SET character_set_client = @saved_cs_client */;

--
-- Dumping data for table `user_info`
--

LOCK TABLES `user_info` WRITE;
/*!40000 ALTER TABLE `user_info` DISABLE KEYS */;
INSERT INTO `user_info` VALUES ('admin','admin','관리자',NULL,'관리자계정','관리자',NULL,NULL,'admin_role',1,NULL,NULL,NULL),('asdf@asdf.asdf','$2a$10$AZdYhjE17PIcWcQWKpMxgeYmWqNY5.T4BoQsvRqsO1.Vp1RTD0h3i','asdf',NULL,NULL,NULL,NULL,NULL,'user_role',2,NULL,NULL,NULL),('gang123@gmail.com','gang123','강남아니면 안감',NULL,'강남아니면 안갑니다. 연락주세요.','홍홍홍','010-1244-3213','1997-03-22','user_role',3,NULL,NULL,NULL),('hy940313@gmail.com','$2a$10$voUZGJtjsr0yex40IO8Od.304Y3fghEBMwDehEkTA4qO2is/gmOiy','김호연',NULL,NULL,NULL,NULL,NULL,'user_role',4,NULL,NULL,NULL),('multi@gmail.com','$2a$10$l9Ogyiaye1mNTMIw/kICR.n.growYVV84IFeM/2D1c8Qjz42xeq/6','멀캠',NULL,'UCC 만드는 것을 좋아하는 24세 대학생입니다','박이수','010-5544-3713','1997-12-24','user_role',5,NULL,NULL,NULL),('namdk7@naver.com','$2a$10$cofLN9ikOVWi3FNcsCCLTOT5yAF7RnkKPbQFxGPuAy/yVHLU.vXEm','ttt',NULL,NULL,NULL,NULL,NULL,'user_role',6,NULL,NULL,NULL),('ssafy@gmail.com','ssafy','코딩김사피',NULL,'안녕하세요. 코딩을 하고싶은 김싸피입니다.','김사피','010-2222-3333','1999-01-03','user_role',7,NULL,NULL,NULL),('subway@gmail.com','$2a$10$rU2.LfUBe80iVYBpkURmee6ni0wXthLYmK9g6Oq.ayMDSvjWsAe0e','점심 서브웨이',NULL,'서브웨이 드실분','박경진','010-1111-1111','1999-09-09','user_role',8,NULL,NULL,NULL),('tes123@naver.com','$2a$10$39GpQL8LD7Vt7mUinYnWeeEMzgJNpkS89jRRumI0DXBJrHKtee9Iq','test',NULL,NULL,NULL,NULL,NULL,'user_role',9,NULL,NULL,NULL),('test','$2a$10$T2ie5e/eRI2RLX31Y/IVVe.QqT5Anvnd3/73HPB.k98oDjagNwqPG','test',NULL,NULL,NULL,NULL,NULL,'user_role',10,29,NULL,NULL),('test-error','$2a$10$SYILDpkYaVtZn8IDVRP2IenY/0SmVNdsKhJCBfubAfYIXgokmfXBK','test-error',NULL,NULL,NULL,NULL,NULL,'user_role',11,NULL,NULL,NULL),('test-error2','$2a$10$4TlprjrX59oLx7zkrCGga.gP3HkeAIpdbJuHA8yvPbrzSfcwLfMt.','test-error2',NULL,NULL,NULL,NULL,NULL,'user_role',12,NULL,NULL,NULL),('test-error3','$2a$10$inuFyA/xojbEMGW0O/Brg.J2sCyhtISs8XVIugnCMF.tzC.kj050S','test-error3',NULL,NULL,NULL,NULL,NULL,'user_role',13,NULL,NULL,NULL),('test@test.com','$2a$10$d9ShL9MThhoHbnxbvUHgB.shZRy7wb5Dw1WHKDbH5k/1M66y21cI.','test',NULL,NULL,NULL,NULL,NULL,'user_role',14,NULL,NULL,NULL),('test1@test.com','$2a$10$/.nS.8hs101GNHIdvPKQZ.HwyF674P1BkzxxrsOvwTe.z8dVHtL6K','test1',NULL,NULL,NULL,NULL,NULL,'user_role',15,NULL,NULL,NULL),('test22@test.com','$2a$10$2yIuLwB2jlAZcrSBi7fGI..sr3sl58aDcP5tQl/M12vLGHfveQYHm','test22',NULL,NULL,NULL,NULL,NULL,'user_role',16,NULL,NULL,NULL),('test23@test.com','$2a$10$l2BJZombk.4VeB8eyzy9TuobvDfbeA.fcHLzM3nDdVsCnEpWlCGFC','ttttttttttttttt',NULL,NULL,NULL,NULL,NULL,'user_role',17,NULL,NULL,NULL),('test4@test.com','$2a$10$0KRRHDTYGeo7uvyQEPa9uOr1AW.mPSdmPn7zAwNRCFgI9kHrbTDB6','test12',NULL,NULL,NULL,NULL,NULL,'user_role',18,NULL,NULL,NULL),('계정1','비번1','닉넴1',NULL,NULL,NULL,NULL,NULL,'user_role',19,NULL,NULL,NULL),('계정2','비번2','닉넴2',NULL,NULL,NULL,NULL,NULL,'user_role',20,NULL,NULL,NULL),('계정3','비번3','닉넴3',NULL,NULL,NULL,NULL,NULL,'user_role',21,NULL,NULL,NULL),('계정4','비번4','닉넴4',NULL,NULL,NULL,NULL,NULL,'user_role',22,NULL,NULL,NULL),('계정5','비번5','닉넴5',NULL,NULL,NULL,NULL,NULL,'user_role',23,NULL,NULL,NULL),('계정6','비번6','닉넴6',NULL,NULL,NULL,NULL,NULL,'user_role',24,NULL,NULL,NULL),('계정7','비번7','닉넴7',NULL,NULL,NULL,NULL,NULL,'user_role',25,NULL,NULL,NULL),('계정8','비번8','닉넴8',NULL,NULL,NULL,NULL,NULL,'user_role',26,NULL,NULL,NULL),('계정9','비번9','닉넴9',NULL,NULL,NULL,NULL,NULL,'user_role',27,NULL,NULL,NULL),('계정10','비번10','닉넴10',NULL,NULL,NULL,NULL,NULL,'user_role',28,NULL,NULL,NULL),('계정11','비번11','닉넴11',NULL,NULL,NULL,NULL,NULL,'user_role',29,NULL,NULL,NULL),('계정12','비번12','닉넴12',NULL,NULL,NULL,NULL,NULL,'user_role',30,NULL,NULL,NULL),('계정13','비번13','닉넴13',NULL,NULL,NULL,NULL,NULL,'user_role',31,NULL,NULL,NULL),('계정14','비번14','닉넴14',NULL,NULL,NULL,NULL,NULL,'user_role',32,NULL,NULL,NULL),('계정15','비번15','닉넴15',NULL,NULL,NULL,NULL,NULL,'user_role',33,NULL,NULL,NULL),('계정16','비번16','닉넴16',NULL,NULL,NULL,NULL,NULL,'user_role',34,NULL,NULL,NULL),('계정17','비번17','닉넴17',NULL,NULL,NULL,NULL,NULL,'user_role',35,NULL,NULL,NULL),('계정18','비번18','닉넴18',NULL,NULL,NULL,NULL,NULL,'user_role',36,NULL,NULL,NULL),('계정19','비번19','닉넴19',NULL,NULL,NULL,NULL,NULL,'user_role',37,NULL,NULL,NULL),('계정20','비번20','닉넴20',NULL,NULL,NULL,NULL,NULL,'user_role',38,NULL,NULL,NULL),('계정21','비번21','닉넴21',NULL,NULL,NULL,NULL,NULL,'user_role',39,NULL,NULL,NULL),('계정22','비번22','닉넴22',NULL,NULL,NULL,NULL,NULL,'user_role',40,NULL,NULL,NULL),('계정23','비번23','닉넴23',NULL,NULL,NULL,NULL,NULL,'user_role',41,NULL,NULL,NULL),('계정24','비번24','닉넴24',NULL,NULL,NULL,NULL,NULL,'user_role',42,NULL,NULL,NULL),('계정25','비번25','닉넴25',NULL,NULL,NULL,NULL,NULL,'user_role',43,NULL,NULL,NULL),('계정26','비번26','닉넴26',NULL,NULL,NULL,NULL,NULL,'user_role',44,NULL,NULL,NULL),('계정27','비번27','닉넴27',NULL,NULL,NULL,NULL,NULL,'user_role',45,NULL,NULL,NULL),('계정28','비번28','닉넴28',NULL,NULL,NULL,NULL,NULL,'user_role',46,NULL,NULL,NULL),('계정29','비번29','닉넴29',NULL,NULL,NULL,NULL,NULL,'user_role',47,NULL,NULL,NULL),('계정30','비번30','닉넴30',NULL,NULL,NULL,NULL,NULL,'user_role',48,NULL,NULL,NULL),('계정31','비번31','닉넴31',NULL,NULL,NULL,NULL,NULL,'user_role',49,NULL,NULL,NULL),('계정32','비번32','닉넴32',NULL,NULL,NULL,NULL,NULL,'user_role',50,NULL,NULL,NULL),('계정33','비번33','닉넴33',NULL,NULL,NULL,NULL,NULL,'user_role',51,NULL,NULL,NULL),('계정34','비번34','닉넴34',NULL,NULL,NULL,NULL,NULL,'user_role',52,NULL,NULL,NULL),('계정35','비번35','닉넴35',NULL,NULL,NULL,NULL,NULL,'user_role',53,NULL,NULL,NULL),('계정36','비번36','닉넴36',NULL,NULL,NULL,NULL,NULL,'user_role',54,NULL,NULL,NULL),('계정37','비번37','닉넴37',NULL,NULL,NULL,NULL,NULL,'user_role',55,NULL,NULL,NULL),('계정38','비번38','닉넴38',NULL,NULL,NULL,NULL,NULL,'user_role',56,NULL,NULL,NULL),('계정39','비번39','닉넴39',NULL,NULL,NULL,NULL,NULL,'user_role',57,NULL,NULL,NULL),('계정40','비번40','닉넴40',NULL,NULL,NULL,NULL,NULL,'user_role',58,NULL,NULL,NULL),('계정41','비번41','닉넴41',NULL,NULL,NULL,NULL,NULL,'user_role',59,NULL,NULL,NULL),('계정42','비번42','닉넴42',NULL,NULL,NULL,NULL,NULL,'user_role',60,NULL,NULL,NULL),('계정43','비번43','닉넴43',NULL,NULL,NULL,NULL,NULL,'user_role',61,NULL,NULL,NULL),('계정44','비번44','닉넴44',NULL,NULL,NULL,NULL,NULL,'user_role',62,NULL,NULL,NULL),('계정45','비번45','닉넴45',NULL,NULL,NULL,NULL,NULL,'user_role',63,NULL,NULL,NULL),('계정46','비번46','닉넴46',NULL,NULL,NULL,NULL,NULL,'user_role',64,NULL,NULL,NULL),('계정47','비번47','닉넴47',NULL,NULL,NULL,NULL,NULL,'user_role',65,NULL,NULL,NULL),('계정48','비번48','닉넴48',NULL,NULL,NULL,NULL,NULL,'user_role',66,NULL,NULL,NULL),('계정49','비번49','닉넴49',NULL,NULL,NULL,NULL,NULL,'user_role',67,NULL,NULL,NULL),('계정50','비번50','닉넴50',NULL,NULL,NULL,NULL,NULL,'user_role',68,NULL,NULL,NULL),('계정51','비번51','닉넴51',NULL,NULL,NULL,NULL,NULL,'user_role',69,NULL,NULL,NULL),('계정52','비번52','닉넴52',NULL,NULL,NULL,NULL,NULL,'user_role',70,NULL,NULL,NULL),('계정53','비번53','닉넴53',NULL,NULL,NULL,NULL,NULL,'user_role',71,NULL,NULL,NULL),('계정54','비번54','닉넴54',NULL,NULL,NULL,NULL,NULL,'user_role',72,NULL,NULL,NULL),('계정55','비번55','닉넴55',NULL,NULL,NULL,NULL,NULL,'user_role',73,NULL,NULL,NULL),('계정56','비번56','닉넴56',NULL,NULL,NULL,NULL,NULL,'user_role',74,NULL,NULL,NULL),('계정57','비번57','닉넴57',NULL,NULL,NULL,NULL,NULL,'user_role',75,NULL,NULL,NULL),('계정58','비번58','닉넴58',NULL,NULL,NULL,NULL,NULL,'user_role',76,NULL,NULL,NULL),('계정59','비번59','닉넴59',NULL,NULL,NULL,NULL,NULL,'user_role',77,NULL,NULL,NULL),('계정60','비번60','닉넴60',NULL,NULL,NULL,NULL,NULL,'user_role',78,NULL,NULL,NULL),('계정61','비번61','닉넴61',NULL,NULL,NULL,NULL,NULL,'user_role',79,NULL,NULL,NULL),('계정62','비번62','닉넴62',NULL,NULL,NULL,NULL,NULL,'user_role',80,NULL,NULL,NULL),('계정63','비번63','닉넴63',NULL,NULL,NULL,NULL,NULL,'user_role',81,NULL,NULL,NULL),('계정64','비번64','닉넴64',NULL,NULL,NULL,NULL,NULL,'user_role',82,NULL,NULL,NULL),('계정65','비번65','닉넴65',NULL,NULL,NULL,NULL,NULL,'user_role',83,NULL,NULL,NULL),('계정66','비번66','닉넴66',NULL,NULL,NULL,NULL,NULL,'user_role',84,NULL,NULL,NULL),('계정67','비번67','닉넴67',NULL,NULL,NULL,NULL,NULL,'user_role',85,NULL,NULL,NULL),('계정68','비번68','닉넴68',NULL,NULL,NULL,NULL,NULL,'user_role',86,NULL,NULL,NULL),('계정69','비번69','닉넴69',NULL,NULL,NULL,NULL,NULL,'user_role',87,NULL,NULL,NULL),('계정70','비번70','닉넴70',NULL,NULL,NULL,NULL,NULL,'user_role',88,NULL,NULL,NULL),('계정71','비번71','닉넴71',NULL,NULL,NULL,NULL,NULL,'user_role',89,NULL,NULL,NULL),('계정72','비번72','닉넴72',NULL,NULL,NULL,NULL,NULL,'user_role',90,NULL,NULL,NULL),('계정73','비번73','닉넴73',NULL,NULL,NULL,NULL,NULL,'user_role',91,NULL,NULL,NULL),('계정74','비번74','닉넴74',NULL,NULL,NULL,NULL,NULL,'user_role',92,NULL,NULL,NULL),('계정75','비번75','닉넴75',NULL,NULL,NULL,NULL,NULL,'user_role',93,NULL,NULL,NULL),('계정76','비번76','닉넴76',NULL,NULL,NULL,NULL,NULL,'user_role',94,NULL,NULL,NULL),('계정77','비번77','닉넴77',NULL,NULL,NULL,NULL,NULL,'user_role',95,NULL,NULL,NULL),('계정78','비번78','닉넴78',NULL,NULL,NULL,NULL,NULL,'user_role',96,NULL,NULL,NULL),('계정79','비번79','닉넴79',NULL,NULL,NULL,NULL,NULL,'user_role',97,NULL,NULL,NULL),('계정80','비번80','닉넴80',NULL,NULL,NULL,NULL,NULL,'user_role',98,NULL,NULL,NULL),('계정81','비번81','닉넴81',NULL,NULL,NULL,NULL,NULL,'user_role',99,NULL,NULL,NULL),('계정82','비번82','닉넴82',NULL,NULL,NULL,NULL,NULL,'user_role',100,NULL,NULL,NULL),('계정83','비번83','닉넴83',NULL,NULL,NULL,NULL,NULL,'user_role',101,NULL,NULL,NULL),('계정84','비번84','닉넴84',NULL,NULL,NULL,NULL,NULL,'user_role',102,NULL,NULL,NULL),('계정85','비번85','닉넴85',NULL,NULL,NULL,NULL,NULL,'user_role',103,NULL,NULL,NULL),('계정86','비번86','닉넴86',NULL,NULL,NULL,NULL,NULL,'user_role',104,NULL,NULL,NULL),('계정87','비번87','닉넴87',NULL,NULL,NULL,NULL,NULL,'user_role',105,NULL,NULL,NULL),('계정88','비번88','닉넴88',NULL,NULL,NULL,NULL,NULL,'user_role',106,NULL,NULL,NULL),('계정89','비번89','닉넴89',NULL,NULL,NULL,NULL,NULL,'user_role',107,NULL,NULL,NULL),('계정90','비번90','닉넴90',NULL,NULL,NULL,NULL,NULL,'user_role',108,NULL,NULL,NULL),('계정91','비번91','닉넴91',NULL,NULL,NULL,NULL,NULL,'user_role',109,NULL,NULL,NULL),('계정92','비번92','닉넴92',NULL,NULL,NULL,NULL,NULL,'user_role',110,NULL,NULL,NULL),('계정93','비번93','닉넴93',NULL,NULL,NULL,NULL,NULL,'user_role',111,NULL,NULL,NULL),('계정94','비번94','닉넴94',NULL,NULL,NULL,NULL,NULL,'user_role',112,NULL,NULL,NULL),('계정95','비번95','닉넴95',NULL,NULL,NULL,NULL,NULL,'user_role',113,NULL,NULL,NULL),('계정96','비번96','닉넴96',NULL,NULL,NULL,NULL,NULL,'user_role',114,NULL,NULL,NULL),('계정97','비번97','닉넴97',NULL,NULL,NULL,NULL,NULL,'user_role',115,NULL,NULL,NULL),('계정98','비번98','닉넴98',NULL,NULL,NULL,NULL,NULL,'user_role',116,NULL,NULL,NULL),('계정99','비번99','닉넴99',NULL,NULL,NULL,NULL,NULL,'user_role',117,NULL,NULL,NULL),('계정100','비번100','닉넴100',NULL,NULL,NULL,NULL,NULL,'user_role',118,NULL,NULL,NULL),('namdk1028@gmail.com','$2a$10$sJgSTwVN2msIr0uOPE7jTO9YlHzyA49Wc2nMC3f/KNdY3oQ1XqaP2','검은색티셔츠',NULL,NULL,NULL,NULL,NULL,'user_role',119,0,NULL,NULL),('abcdefg@hijk.lmn','$2a$10$/t/IU387ayl.7LMR.Zgzy.1.5qhd/pJMn262rO825NGnxEso8VuYW','김나연바보',NULL,NULL,NULL,NULL,NULL,'user_role',120,0,NULL,NULL),('asdf@gmail.com','$2a$10$14WFeP3sDVCmg908G2.54e8OC.hGdKKizHHVKB7zOeP0jfMvTNlUu','호꿍맘',NULL,NULL,NULL,NULL,NULL,'user_role',121,0,NULL,NULL),('sksmsmy@khu.ac.kr','$2a$10$cx1epn5CqT6KlqBGF9UMdeyxkFzH7hXfv0EPOhOnHTJWIKkJ1zH.e','asd',NULL,NULL,NULL,NULL,NULL,'user_role',122,0,NULL,NULL);
/*!40000 ALTER TABLE `user_info` ENABLE KEYS */;
UNLOCK TABLES;
/*!40103 SET TIME_ZONE=@OLD_TIME_ZONE */;

/*!40101 SET SQL_MODE=@OLD_SQL_MODE */;
/*!40014 SET FOREIGN_KEY_CHECKS=@OLD_FOREIGN_KEY_CHECKS */;
/*!40014 SET UNIQUE_CHECKS=@OLD_UNIQUE_CHECKS */;
/*!40101 SET CHARACTER_SET_CLIENT=@OLD_CHARACTER_SET_CLIENT */;
/*!40101 SET CHARACTER_SET_RESULTS=@OLD_CHARACTER_SET_RESULTS */;
/*!40101 SET COLLATION_CONNECTION=@OLD_COLLATION_CONNECTION */;
/*!40111 SET SQL_NOTES=@OLD_SQL_NOTES */;

-- Dump completed on 2020-08-03 13:14:44
